-- MySQL dump 10.13  Distrib 8.0.41, for Win64 (x86_64)
--
-- Host: 127.0.0.1    Database: tikitos
-- ------------------------------------------------------
-- Server version	8.0.40

/*!40101 SET @OLD_CHARACTER_SET_CLIENT=@@CHARACTER_SET_CLIENT */;
/*!40101 SET @OLD_CHARACTER_SET_RESULTS=@@CHARACTER_SET_RESULTS */;
/*!40101 SET @OLD_COLLATION_CONNECTION=@@COLLATION_CONNECTION */;
/*!50503 SET NAMES utf8 */;
/*!40103 SET @OLD_TIME_ZONE=@@TIME_ZONE */;
/*!40103 SET TIME_ZONE='+00:00' */;
/*!40014 SET @OLD_UNIQUE_CHECKS=@@UNIQUE_CHECKS, UNIQUE_CHECKS=0 */;
/*!40014 SET @OLD_FOREIGN_KEY_CHECKS=@@FOREIGN_KEY_CHECKS, FOREIGN_KEY_CHECKS=0 */;
/*!40101 SET @OLD_SQL_MODE=@@SQL_MODE, SQL_MODE='NO_AUTO_VALUE_ON_ZERO' */;
/*!40111 SET @OLD_SQL_NOTES=@@SQL_NOTES, SQL_NOTES=0 */;

--
-- Table structure for table `caixa`
--

DROP TABLE IF EXISTS `caixa`;
/*!40101 SET @saved_cs_client     = @@character_set_client */;
/*!50503 SET character_set_client = utf8mb4 */;
CREATE TABLE `caixa` (
  `id_caixa` int NOT NULL AUTO_INCREMENT,
  `id_usuario` int NOT NULL,
  `id_empresa` int NOT NULL,
  `abertura` datetime NOT NULL,
  `fechamento` datetime DEFAULT NULL,
  `valor_inicial` decimal(10,2) NOT NULL,
  `valor_final` decimal(10,2) DEFAULT NULL,
  `status` enum('aberto','fechado') COLLATE utf8mb4_general_ci DEFAULT 'aberto',
  PRIMARY KEY (`id_caixa`),
  KEY `id_usuario` (`id_usuario`),
  KEY `id_empresa` (`id_empresa`),
  CONSTRAINT `caixa_ibfk_1` FOREIGN KEY (`id_usuario`) REFERENCES `usuarios` (`id_usuario`),
  CONSTRAINT `caixa_ibfk_2` FOREIGN KEY (`id_empresa`) REFERENCES `empresas` (`id_empresa`)
) ENGINE=InnoDB AUTO_INCREMENT=79 DEFAULT CHARSET=utf8mb4 COLLATE=utf8mb4_general_ci;
/*!40101 SET character_set_client = @saved_cs_client */;

--
-- Dumping data for table `caixa`
--

LOCK TABLES `caixa` WRITE;
/*!40000 ALTER TABLE `caixa` DISABLE KEYS */;
INSERT INTO `caixa` VALUES (3,100,200,'2025-10-05 14:22:45','2025-10-05 20:02:09',100.00,898.50,'fechado'),(6,101,200,'2025-11-06 21:35:10','2025-11-24 21:55:48',100.00,791.30,'fechado'),(7,101,200,'2025-11-01 21:56:09','2025-12-04 17:37:34',100.00,1327.80,'fechado'),(8,101,200,'2025-11-01 21:56:09','2025-12-04 17:41:49',100.00,100.00,'fechado'),(9,101,200,'2025-12-04 19:18:06','2025-12-04 19:18:55',100.00,100.00,'fechado'),(10,101,200,'2025-12-04 19:21:54','2025-12-04 19:48:22',100.00,449.10,'fechado'),(11,101,200,'2025-12-04 19:48:46','2025-12-04 19:48:52',100.00,100.00,'fechado'),(12,101,200,'2025-12-04 19:49:07','2025-12-04 19:54:27',100.00,100.00,'fechado'),(13,101,200,'2025-12-04 19:54:51','2025-12-04 19:54:56',100.00,100.00,'fechado'),(14,101,200,'2025-12-04 19:59:22','2025-12-04 19:59:43',100.00,100.00,'fechado'),(15,101,200,'2025-12-04 20:55:33','2025-12-04 21:43:40',100.00,100.00,'fechado'),(16,101,200,'2025-12-04 21:45:56','2025-12-04 21:48:51',100.00,100.00,'fechado'),(17,101,200,'2025-12-04 21:57:26','2025-12-04 21:59:31',100.00,100.00,'fechado'),(18,101,200,'2025-12-04 22:04:01','2025-12-04 22:19:36',100.00,100.00,'fechado'),(19,101,200,'2025-12-05 08:02:24','2025-12-05 08:03:59',100.00,100.00,'fechado'),(20,101,200,'2025-12-05 08:08:23','2025-12-05 08:33:43',100.00,100.00,'fechado'),(21,101,200,'2025-12-05 08:33:51','2025-12-05 09:47:42',100.00,779.40,'fechado'),(22,101,200,'2025-12-05 09:50:33','2025-12-05 11:13:22',100.00,256.60,'fechado'),(23,101,200,'2025-12-05 13:20:50','2025-12-05 13:29:10',100.00,100.00,'fechado'),(24,101,200,'2025-12-05 13:44:05','2025-12-05 13:59:58',100.00,100.00,'fechado'),(25,101,200,'2025-12-05 15:06:57','2025-12-05 15:10:58',100.00,186.70,'fechado'),(26,113,200,'2025-12-05 15:23:26','2025-12-08 20:50:33',100.00,2640.40,'fechado'),(27,101,200,'2025-12-05 16:16:19','2025-12-06 16:59:39',100.00,296.50,'fechado'),(28,101,200,'2025-12-06 17:01:56','2025-12-06 17:41:59',100.00,145.90,'fechado'),(29,101,200,'2025-12-06 17:42:05','2025-12-08 15:55:22',100.00,200.00,'fechado'),(30,101,200,'2025-12-01 15:55:48','2025-12-01 18:00:00',100.00,100.00,'fechado'),(31,106,205,'2025-12-10 20:34:47','2025-12-10 20:38:52',100.00,293.50,'fechado'),(32,101,200,'2025-11-25 20:36:27','2025-11-25 20:46:36',100.00,1645.20,'fechado'),(33,101,200,'2025-11-26 20:47:29','2025-11-26 20:51:40',100.00,460.10,'fechado'),(34,106,205,'2025-12-09 20:48:42','2025-12-09 20:50:05',100.00,370.40,'fechado'),(35,106,205,'2025-12-01 20:51:22','2025-12-08 21:06:28',100.00,260.60,'fechado'),(36,101,200,'2025-11-27 20:51:56','2025-11-27 20:55:30',100.00,483.30,'fechado'),(37,113,204,'2025-12-01 20:57:42','2025-12-08 21:04:42',100.00,4831.10,'fechado'),(38,101,200,'2025-11-28 20:58:00','2025-11-28 21:02:04',100.00,382.20,'fechado'),(39,101,200,'2025-11-29 21:02:34','2025-11-29 21:06:12',100.00,425.10,'fechado'),(40,106,205,'2025-12-07 21:06:37','2025-12-07 21:11:17',100.00,382.20,'fechado'),(41,101,200,'2025-11-30 21:09:28','2025-11-30 21:13:19',100.00,363.40,'fechado'),(42,106,205,'2025-12-06 21:13:24','2025-12-06 21:17:40',100.00,740.70,'fechado'),(43,113,204,'2025-12-01 21:13:47','2025-12-08 21:15:05',100.00,159.90,'fechado'),(44,101,200,'2025-12-01 21:14:07','2025-12-01 21:19:19',100.00,284.50,'fechado'),(45,106,205,'2025-12-05 21:18:28','2025-12-05 21:19:56',100.00,290.50,'fechado'),(46,101,200,'2025-12-02 21:19:58','2025-12-02 21:23:06',100.00,669.40,'fechado'),(47,106,205,'2025-12-04 21:20:52','2025-12-04 21:26:02',100.00,266.30,'fechado'),(48,101,200,'2025-12-03 21:25:20','2025-12-03 21:27:56',100.00,282.50,'fechado'),(49,106,205,'2025-12-03 21:26:28','2025-12-03 21:38:36',100.00,563.80,'fechado'),(50,113,204,'2025-12-01 21:27:47','2025-12-08 21:28:33',100.00,117.90,'fechado'),(51,113,204,'2025-12-01 21:28:43','2025-12-08 21:29:50',100.00,133.80,'fechado'),(52,101,200,'2025-12-04 21:29:35','2025-12-04 21:32:48',100.00,625.60,'fechado'),(53,113,204,'2025-12-01 21:29:57','2025-12-08 21:38:03',100.00,406.30,'fechado'),(54,101,200,'2025-12-05 21:33:13','2025-12-05 21:35:51',100.00,480.70,'fechado'),(55,101,200,'2025-12-06 21:36:13','2025-12-06 21:37:56',100.00,934.90,'fechado'),(56,113,204,'2025-12-01 21:39:27','2025-12-08 21:40:04',100.00,141.80,'fechado'),(57,113,204,'2025-12-01 21:40:13','2025-12-08 21:40:35',100.00,139.90,'fechado'),(58,113,204,'2025-12-01 21:40:47','2025-12-08 21:41:36',100.00,135.90,'fechado'),(59,106,205,'2025-12-02 21:40:51','2025-12-02 21:44:12',100.00,658.00,'fechado'),(60,101,200,'2025-12-07 21:41:23','2025-12-07 21:43:24',100.00,657.70,'fechado'),(61,113,204,'2025-12-01 21:41:48','2025-12-08 21:44:46',100.00,156.80,'fechado'),(62,101,200,'2025-12-08 21:44:51','2025-12-08 21:59:32',100.00,2349.40,'fechado'),(63,113,204,'2025-12-01 21:44:52','2025-12-08 21:45:27',100.00,122.90,'fechado'),(64,113,204,'2025-12-01 21:45:36','2025-12-08 21:47:49',100.00,196.80,'fechado'),(65,106,205,'2025-12-01 21:45:55','2025-12-01 21:48:01',100.00,533.90,'fechado'),(66,113,204,'2025-12-01 21:47:57','2025-12-08 21:48:17',100.00,145.90,'fechado'),(67,106,205,'2025-11-30 21:48:28','2025-11-30 21:50:37',100.00,724.90,'fechado'),(68,113,204,'2025-12-01 21:48:37','2025-12-08 21:49:47',100.00,370.70,'fechado'),(69,106,205,'2025-11-29 21:51:28','2025-11-29 21:52:50',100.00,630.80,'fechado'),(70,106,205,'2025-11-28 21:54:39','2025-11-28 21:56:15',100.00,548.00,'fechado'),(71,106,205,'2025-12-01 21:56:29','2025-12-08 21:57:00',100.00,100.00,'fechado'),(72,113,204,'2025-12-01 21:57:31','2025-12-08 21:58:58',100.00,239.70,'fechado'),(73,106,205,'2025-11-27 21:57:39','2025-11-27 22:01:55',100.00,732.10,'fechado'),(74,113,204,'2025-12-01 21:59:10',NULL,100.00,237.70,'aberto'),(75,101,200,'2025-12-09 22:00:14','2025-12-09 22:01:22',100.00,281.60,'fechado'),(76,106,205,'2025-11-26 22:02:06','2025-11-26 22:03:48',100.00,685.20,'fechado'),(77,101,200,'2025-12-10 22:02:06','2025-12-10 22:03:58',100.00,1814.70,'fechado'),(78,106,205,'2025-11-25 22:04:03','2025-11-25 22:05:41',100.00,512.80,'fechado');
/*!40000 ALTER TABLE `caixa` ENABLE KEYS */;
UNLOCK TABLES;

--
-- Table structure for table `categorias`
--

DROP TABLE IF EXISTS `categorias`;
/*!40101 SET @saved_cs_client     = @@character_set_client */;
/*!50503 SET character_set_client = utf8mb4 */;
CREATE TABLE `categorias` (
  `id_categoria` int NOT NULL AUTO_INCREMENT,
  `nome` varchar(100) COLLATE utf8mb4_general_ci NOT NULL,
  `status` enum('ativo','inativo') COLLATE utf8mb4_general_ci DEFAULT 'ativo',
  PRIMARY KEY (`id_categoria`)
) ENGINE=InnoDB AUTO_INCREMENT=10 DEFAULT CHARSET=utf8mb4 COLLATE=utf8mb4_general_ci;
/*!40101 SET character_set_client = @saved_cs_client */;

--
-- Dumping data for table `categorias`
--

LOCK TABLES `categorias` WRITE;
/*!40000 ALTER TABLE `categorias` DISABLE KEYS */;
INSERT INTO `categorias` VALUES (1,'Pelúcias','ativo'),(2,'Bonecos','ativo'),(3,'Veículos','ativo'),(4,'Construção','ativo'),(5,'Jogos e Quebra-Cabeças','ativo'),(6,'Movimento','ativo'),(7,'Aventura e Fantasia','ativo'),(8,'Movimento','ativo');
/*!40000 ALTER TABLE `categorias` ENABLE KEYS */;
UNLOCK TABLES;

--
-- Table structure for table `despesas`
--

DROP TABLE IF EXISTS `despesas`;
/*!40101 SET @saved_cs_client     = @@character_set_client */;
/*!50503 SET character_set_client = utf8mb4 */;
CREATE TABLE `despesas` (
  `id_despesa` int NOT NULL AUTO_INCREMENT,
  `id_empresa` int NOT NULL,
  `data_adicionado` date DEFAULT (curdate()),
  `data_pag` date DEFAULT NULL,
  `descricao` varchar(255) COLLATE utf8mb4_general_ci NOT NULL,
  `id_fornecedor` int DEFAULT NULL,
  `preco` decimal(10,2) NOT NULL,
  `status` enum('pago','pendente') COLLATE utf8mb4_general_ci DEFAULT 'pendente',
  PRIMARY KEY (`id_despesa`),
  KEY `id_empresa` (`id_empresa`),
  KEY `fk_despesas_fornecedor` (`id_fornecedor`),
  CONSTRAINT `despesas_ibfk_1` FOREIGN KEY (`id_empresa`) REFERENCES `empresas` (`id_empresa`),
  CONSTRAINT `fk_despesas_fornecedor` FOREIGN KEY (`id_fornecedor`) REFERENCES `fornecedores` (`id_fornecedor`) ON DELETE SET NULL ON UPDATE CASCADE
) ENGINE=InnoDB AUTO_INCREMENT=43 DEFAULT CHARSET=utf8mb4 COLLATE=utf8mb4_general_ci;
/*!40101 SET character_set_client = @saved_cs_client */;

--
-- Dumping data for table `despesas`
--

LOCK TABLES `despesas` WRITE;
/*!40000 ALTER TABLE `despesas` DISABLE KEYS */;
INSERT INTO `despesas` VALUES (3,200,'2025-10-06','2025-10-06','Compra de brinquedos de reposição',NULL,890.00,'pago'),(4,200,'2025-10-10','2025-10-10','Serviço de limpeza externa',NULL,250.00,'pago'),(5,200,'2025-10-15','2025-10-18','Conta de energia elétrica',NULL,430.75,'pago'),(6,200,'2025-10-20','2025-12-05','Material de escritório',NULL,120.00,'pago'),(7,200,'2025-11-05','2025-11-30','Compra de embalagens',NULL,139.90,'pago'),(10,200,'2025-11-02','2025-11-03','Compra de embalagens e sacolas',NULL,245.90,'pago'),(11,200,'2025-11-05','2025-11-05','Manutenção do ar-condicionado',NULL,320.00,'pago'),(13,200,'2025-11-10','2025-11-10','Conta de água',NULL,189.30,'pago'),(19,200,'2025-11-23','2025-11-23','Internet e telefone',NULL,199.90,'pago'),(22,200,'2025-11-27','2025-12-05','Pedido: 10 unidades de Boneka Dora do fornecedor Tikitos Indústria de Brinquedos S.A. - R$ 28,00 × 10 : R$ 280,00',NULL,280.00,'pago'),(23,200,'2025-11-29','2025-11-30','Pedido: 5 unidades de Kachorrilo do fornecedor Tikitos Indústria de Brinquedos S.A. - R$ 22,00 × 5 : R$ 110,00',NULL,110.00,'pago'),(24,200,'2025-11-29','2025-11-30','Pedido: 5 unidades de Boneko Igolinho do fornecedor Tikitos Indústria de Brinquedos S.A. - R$ 30,00 × 5 : R$ 150,00',NULL,150.00,'pago'),(25,200,'2025-11-29','2025-11-28','Pedido: 5 unidades de Senhor Patonildo do fornecedor Tikitos Indústria de Brinquedos S.A. - R$ 12,00 × 5 : R$ 60,00',NULL,60.00,'pendente'),(27,100,'2025-12-05','2025-12-05','Conta de luz',NULL,100.00,'pago'),(28,100,'2025-12-05','2025-12-05','Manutenção da porta banheiro',NULL,200.00,'pago'),(29,100,'2025-12-05','2025-12-05','Manutenção da porta do banheiro',NULL,200.00,'pago'),(30,100,'2025-12-05','2025-12-05','Pedido 2',NULL,300.00,'pendente'),(31,100,'2025-12-05','2025-12-05','Pedido 2',NULL,100.00,'pendente'),(32,100,'2025-12-08','2025-12-08','Pedido de Brinquedo',3,200.00,'pago'),(34,100,'2025-12-08','2025-12-08','Conta de água ',NULL,200.00,'pago'),(35,204,'2025-12-08','2025-12-08','Pedido: 40 unidades de Kebra Cabeça do fornecedor Tikitos Indústria de Brinquedos S.A. - R$ 18,00 × 40 : R$ 720,00',NULL,720.00,'pendente'),(36,204,'2025-12-08','2025-12-08','Pedido: 10 unidades de Senhor Patonildo do fornecedor Tikitos Indústria de Brinquedos S.A. - R$ 12,00 × 10 : R$ 120,00',NULL,120.00,'pendente'),(37,204,'2025-12-08','2025-12-08','Pedido: 10 unidades de Senhor Patonildo do fornecedor Tikitos Indústria de Brinquedos S.A. - R$ 12,00 × 10 : R$ 120,00',NULL,120.00,'pendente'),(38,204,'2025-12-08','2025-12-08','Pedido: 10 unidades de Kachorrilo do fornecedor Tikitos Indústria de Brinquedos S.A. - R$ 22,00 × 10 : R$ 220,00',NULL,220.00,'pendente'),(39,204,'2025-12-08','2025-12-08','Pedido: 10 unidades de Kachorrilo do fornecedor Tikitos Indústria de Brinquedos S.A. - R$ 22,00 × 10 : R$ 220,00',NULL,220.00,'pendente'),(40,204,'2025-12-08','2025-12-08','Pedido: 10 unidades de Alien Neco do fornecedor Tikitos Indústria de Brinquedos S.A. - R$ 18,00 × 10 : R$ 180,00',NULL,180.00,'pendente'),(41,204,'2025-12-08','2025-12-08','Pedido: 140 unidades de Alien Neco do fornecedor Tikitos Indústria de Brinquedos S.A. - R$ 18,00 × 140 : R$ 2520,00',NULL,2520.00,'pendente'),(42,204,'2025-12-08','2025-12-08','Pedido: 10 unidades de Blocos Kandy do fornecedor Tikitos Indústria de Brinquedos S.A. - R$ 35,00 × 10 : R$ 350,00',NULL,350.00,'pendente');
/*!40000 ALTER TABLE `despesas` ENABLE KEYS */;
UNLOCK TABLES;

--
-- Table structure for table `empresas`
--

DROP TABLE IF EXISTS `empresas`;
/*!40101 SET @saved_cs_client     = @@character_set_client */;
/*!50503 SET character_set_client = utf8mb4 */;
CREATE TABLE `empresas` (
  `id_empresa` int NOT NULL AUTO_INCREMENT,
  `nome` varchar(100) COLLATE utf8mb4_general_ci NOT NULL,
  `tipo` enum('matriz','filial') COLLATE utf8mb4_general_ci NOT NULL,
  `endereco` varchar(200) COLLATE utf8mb4_general_ci DEFAULT NULL,
  `status` enum('ativo','inativo') COLLATE utf8mb4_general_ci DEFAULT 'ativo',
  PRIMARY KEY (`id_empresa`)
) ENGINE=InnoDB AUTO_INCREMENT=212 DEFAULT CHARSET=utf8mb4 COLLATE=utf8mb4_general_ci;
/*!40101 SET character_set_client = @saved_cs_client */;

--
-- Dumping data for table `empresas`
--

LOCK TABLES `empresas` WRITE;
/*!40000 ALTER TABLE `empresas` DISABLE KEYS */;
INSERT INTO `empresas` VALUES (100,'Tikitos Matriz','matriz','R. Boa Vista, 825 - Boa Vista, São Caetano do Sul - SP, 09572-300','ativo'),(200,'Tikitos Mooca','filial','R. do Oratório, 215 - Mooca, São Paulo - SP, 03117-000','ativo'),(203,'Tikitos Piracicaba','filial','Av. Mal. Castelo Branco, 1000 - Jardim Primavera, Piracicaba - SP, 13412-010','inativo'),(204,'Tikitos São Bernardo','filial','Av. Pereira Barreto, 456 - Baeta Neves, São Bernardo do Campo - SP, 09751-000','ativo'),(205,'Tikitos Santo André','filial','Av. Santos Dumont, 300 - Ipiranguinha, Santo André - SP, 09015-320','ativo'),(208,'Tikitos Brásssssssssss','filial','Rua Monsenhor Andrade, 298 - Brás, São Paulo - SP, 03008-000','inativo'),(211,'Tikitos Ipiranga','filial','Rua Moreira de Godói, 226  - Ipiranga, São Paulo - SP, 04266-060','inativo');
/*!40000 ALTER TABLE `empresas` ENABLE KEYS */;
UNLOCK TABLES;

--
-- Table structure for table `fornecedores`
--

DROP TABLE IF EXISTS `fornecedores`;
/*!40101 SET @saved_cs_client     = @@character_set_client */;
/*!50503 SET character_set_client = utf8mb4 */;
CREATE TABLE `fornecedores` (
  `id_fornecedor` int NOT NULL AUTO_INCREMENT,
  `nome` varchar(255) COLLATE utf8mb4_general_ci NOT NULL,
  `tipo` enum('mercadorias','suprimentos') COLLATE utf8mb4_general_ci NOT NULL DEFAULT 'mercadorias',
  `cnpj` varchar(18) COLLATE utf8mb4_general_ci DEFAULT NULL,
  `telefone` varchar(20) COLLATE utf8mb4_general_ci DEFAULT NULL,
  `email` varchar(120) COLLATE utf8mb4_general_ci DEFAULT NULL,
  `endereco` varchar(255) COLLATE utf8mb4_general_ci DEFAULT NULL,
  `cidade` varchar(120) COLLATE utf8mb4_general_ci DEFAULT NULL,
  `estado` char(2) COLLATE utf8mb4_general_ci DEFAULT NULL,
  `data_criado` date DEFAULT (curdate()),
  `status` enum('ativo','inativo') COLLATE utf8mb4_general_ci DEFAULT 'ativo',
  PRIMARY KEY (`id_fornecedor`)
) ENGINE=InnoDB AUTO_INCREMENT=9 DEFAULT CHARSET=utf8mb4 COLLATE=utf8mb4_general_ci;
/*!40101 SET character_set_client = @saved_cs_client */;

--
-- Dumping data for table `fornecedores`
--

LOCK TABLES `fornecedores` WRITE;
/*!40000 ALTER TABLE `fornecedores` DISABLE KEYS */;
INSERT INTO `fornecedores` VALUES (1,'Tikitos Indústria de Brinquedos S.A.','mercadorias','12.345.678/0001-90','(11) 3456-7890','contato@tikitos.com.br','Av. Central, 1200 - São Paulo/SP','São Paulo','SP','2025-10-15','ativo'),(2,'Embalagens Criativas LTDA','suprimentos','45.987.654/0001-22','(21) 2222-3344','suporte@embalagenscriativas.com','Rua das Embalagens, 88 - Rio de Janeiro/RJ','Rio de Janeiro','RJ','2025-10-15','ativo'),(3,'Transportadora Alegria Express','suprimentos','78.654.321/0001-55','(31) 99888-7766','logistica@alegriaexpress.com','Rodovia BR-040, Km 512 - Belo Horizonte/MG','Belo Horizonte','MG','2025-10-15','ativo'),(4,'teste','suprimentos','00.000.000/0000-00','(00) 0000-0000','teste@teste.com','Endereço de teste','Teste','TT','2025-12-05','inativo');
/*!40000 ALTER TABLE `fornecedores` ENABLE KEYS */;
UNLOCK TABLES;

--
-- Table structure for table `movimento_estoque`
--

DROP TABLE IF EXISTS `movimento_estoque`;
/*!40101 SET @saved_cs_client     = @@character_set_client */;
/*!50503 SET character_set_client = utf8mb4 */;
CREATE TABLE `movimento_estoque` (
  `id_movimento` int NOT NULL AUTO_INCREMENT,
  `id_produto` int NOT NULL,
  `id_empresa` int NOT NULL,
  `tipo` enum('entrada','saída','ajuste') COLLATE utf8mb4_general_ci NOT NULL,
  `quantidade` int NOT NULL,
  `data_movimento` datetime DEFAULT CURRENT_TIMESTAMP,
  `origem` varchar(100) COLLATE utf8mb4_general_ci DEFAULT NULL,
  PRIMARY KEY (`id_movimento`),
  KEY `id_produto` (`id_produto`),
  KEY `id_empresa` (`id_empresa`),
  CONSTRAINT `movimento_estoque_ibfk_1` FOREIGN KEY (`id_produto`) REFERENCES `produtos` (`id_produto`),
  CONSTRAINT `movimento_estoque_ibfk_2` FOREIGN KEY (`id_empresa`) REFERENCES `empresas` (`id_empresa`)
) ENGINE=InnoDB AUTO_INCREMENT=537 DEFAULT CHARSET=utf8mb4 COLLATE=utf8mb4_general_ci;
/*!40101 SET character_set_client = @saved_cs_client */;

--
-- Dumping data for table `movimento_estoque`
--

LOCK TABLES `movimento_estoque` WRITE;
/*!40000 ALTER TABLE `movimento_estoque` DISABLE KEYS */;
INSERT INTO `movimento_estoque` VALUES (1,2003,200,'saída',1,'2025-11-22 22:58:55','Venda #26 - Caixa 6 (Davi)'),(2,3002,200,'saída',1,'2025-11-24 11:24:14','Venda #27 - Caixa 6 (Davi)'),(3,2001,200,'saída',1,'2025-11-24 11:54:19','Venda #28 - Caixa 6 (Davi)'),(4,1001,200,'saída',1,'2025-11-24 11:54:19','Venda #28 - Caixa 6 (Davi)'),(5,2002,200,'saída',1,'2025-11-24 11:54:19','Venda #28 - Caixa 6 (Davi)'),(6,2003,200,'saída',1,'2025-11-24 11:54:19','Venda #28 - Caixa 6 (Davi)'),(7,2005,200,'saída',1,'2025-11-24 11:54:19','Venda #28 - Caixa 6 (Davi)'),(8,2004,200,'saída',1,'2025-11-24 11:54:19','Venda #28 - Caixa 6 (Davi)'),(9,1001,200,'saída',1,'2025-11-24 12:08:44','Venda #29 - Caixa 6 (Davi)'),(10,2003,200,'saída',1,'2025-11-24 12:14:29','Venda #30 - Caixa 6 (Davi)'),(11,2005,200,'saída',1,'2025-11-24 12:14:30','Venda #30 - Caixa 6 (Davi)'),(12,1001,200,'saída',1,'2025-11-24 21:52:47','Venda #31 - Caixa 6 (Davi)'),(13,2004,200,'saída',1,'2025-11-24 21:52:48','Venda #31 - Caixa 6 (Davi)'),(14,2005,200,'saída',1,'2025-11-24 21:52:48','Venda #31 - Caixa 6 (Davi)'),(15,3002,200,'saída',1,'2025-11-24 21:52:48','Venda #31 - Caixa 6 (Davi)'),(16,3001,200,'saída',1,'2025-11-24 21:52:48','Venda #31 - Caixa 6 (Davi)'),(17,2006,200,'saída',1,'2025-11-24 21:52:48','Venda #31 - Caixa 6 (Davi)'),(18,1001,200,'entrada',1,'2025-11-24 22:15:31','Estorno #31 - Caixa 2 (Davi)'),(19,3001,200,'entrada',2,'2025-11-24 22:15:31','Estorno #31 - Caixa 2 (Davi)'),(20,2003,200,'entrada',1,'2025-11-24 22:15:31','Estorno #31 - Caixa 2 (Davi)'),(21,3002,200,'entrada',1,'2025-11-24 22:15:31','Estorno #31 - Caixa 2 (Davi)'),(22,2001,200,'entrada',1,'2025-11-24 22:15:31','Estorno #31 - Caixa 2 (Davi)'),(23,1001,200,'entrada',1,'2025-11-24 22:15:31','Estorno #31 - Caixa 2 (Davi)'),(24,2002,200,'entrada',1,'2025-11-24 22:15:31','Estorno #31 - Caixa 2 (Davi)'),(25,2003,200,'entrada',1,'2025-11-24 22:15:31','Estorno #31 - Caixa 2 (Davi)'),(26,2005,200,'entrada',1,'2025-11-24 22:15:31','Estorno #31 - Caixa 2 (Davi)'),(27,2004,200,'entrada',1,'2025-11-24 22:15:31','Estorno #31 - Caixa 2 (Davi)'),(28,1001,200,'entrada',1,'2025-11-24 22:15:31','Estorno #31 - Caixa 2 (Davi)'),(29,2003,200,'entrada',1,'2025-11-24 22:15:31','Estorno #31 - Caixa 2 (Davi)'),(30,2005,200,'entrada',1,'2025-11-24 22:15:31','Estorno #31 - Caixa 2 (Davi)'),(31,1001,200,'entrada',1,'2025-11-24 22:15:31','Estorno #31 - Caixa 2 (Davi)'),(32,2006,200,'entrada',1,'2025-11-24 22:15:31','Estorno #31 - Caixa 2 (Davi)'),(33,2005,200,'entrada',1,'2025-11-24 22:15:32','Estorno #31 - Caixa 2 (Davi)'),(34,3001,200,'entrada',1,'2025-11-24 22:15:32','Estorno #31 - Caixa 2 (Davi)'),(35,2004,200,'entrada',1,'2025-11-24 22:15:32','Estorno #31 - Caixa 2 (Davi)'),(36,3002,200,'entrada',1,'2025-11-24 22:15:32','Estorno #31 - Caixa 2 (Davi)'),(37,1001,200,'entrada',50,'2025-11-01 08:00:00','Reposição - Fornecedor 1'),(38,2003,200,'entrada',30,'2025-11-01 08:00:00','Reposição - Fornecedor 1'),(39,3001,200,'entrada',40,'2025-11-12 09:00:00','Pedido #125 - Fornecedor 1'),(40,3002,200,'entrada',35,'2025-11-12 09:00:00','Pedido #125 - Fornecedor 1'),(41,4001,200,'entrada',25,'2025-11-12 09:00:00','Pedido #125 - Fornecedor 1'),(42,2001,200,'entrada',10,'2025-11-27 10:41:06','Pedido #22 - Fornecedor 1'),(43,5001,200,'saída',1,'2025-11-29 18:19:56','Venda #87 - Caixa 7 (Davi)'),(44,4004,200,'saída',1,'2025-11-29 18:19:57','Venda #87 - Caixa 7 (Davi)'),(45,4003,200,'saída',2,'2025-11-29 18:19:57','Venda #87 - Caixa 7 (Davi)'),(46,4002,200,'saída',2,'2025-11-29 18:19:57','Venda #87 - Caixa 7 (Davi)'),(47,5002,200,'saída',1,'2025-11-29 18:19:57','Venda #87 - Caixa 7 (Davi)'),(48,2005,200,'entrada',5,'2025-11-29 18:23:30','Pedido #23 - Fornecedor 1'),(49,2002,200,'entrada',5,'2025-11-29 20:17:56','Pedido #24 - Fornecedor 1'),(50,2003,200,'entrada',5,'2025-11-29 20:19:36','Pedido #25 - Fornecedor 1'),(51,5002,200,'saída',1,'2025-12-02 12:03:04','Venda #88 - Caixa 7 (Davi)'),(52,5001,200,'saída',1,'2025-12-02 12:03:04','Venda #88 - Caixa 7 (Davi)'),(53,4002,200,'saída',1,'2025-12-02 12:03:04','Venda #88 - Caixa 7 (Davi)'),(54,5004,200,'saída',1,'2025-12-02 12:03:26','Venda #89 - Caixa 7 (Davi)'),(55,5003,200,'saída',1,'2025-12-02 12:03:27','Venda #89 - Caixa 7 (Davi)'),(56,6001,200,'saída',1,'2025-12-02 12:03:27','Venda #89 - Caixa 7 (Davi)'),(57,6004,200,'saída',1,'2025-12-02 12:03:27','Venda #89 - Caixa 7 (Davi)'),(58,6004,200,'saída',1,'2025-12-02 12:03:45','Venda #90 - Caixa 7 (Davi)'),(59,8001,200,'saída',1,'2025-12-02 12:03:45','Venda #90 - Caixa 7 (Davi)'),(60,6007,200,'saída',1,'2025-12-02 12:03:45','Venda #90 - Caixa 7 (Davi)'),(61,7002,200,'saída',1,'2025-12-02 12:03:45','Venda #90 - Caixa 7 (Davi)'),(62,7001,200,'saída',1,'2025-12-02 12:03:45','Venda #90 - Caixa 7 (Davi)'),(63,5002,200,'saída',1,'2025-12-04 16:42:39','Venda #91 - Caixa 7 (Davi)'),(64,5004,200,'saída',1,'2025-12-04 16:42:39','Venda #91 - Caixa 7 (Davi)'),(65,5001,200,'saída',1,'2025-12-04 16:42:40','Venda #91 - Caixa 7 (Davi)'),(66,3007,200,'saída',1,'2025-12-04 16:49:03','Venda #92 - Caixa 7 (Davi)'),(67,4003,200,'saída',1,'2025-12-04 16:49:03','Venda #92 - Caixa 7 (Davi)'),(68,3008,200,'saída',1,'2025-12-04 16:49:03','Venda #92 - Caixa 7 (Davi)'),(69,4004,200,'saída',1,'2025-12-04 16:49:03','Venda #92 - Caixa 7 (Davi)'),(70,5001,200,'saída',1,'2025-12-04 16:49:03','Venda #92 - Caixa 7 (Davi)'),(71,8003,200,'saída',1,'2025-12-04 16:49:49','Venda #93 - Caixa 7 (Davi)'),(72,7001,200,'saída',1,'2025-12-04 16:49:49','Venda #93 - Caixa 7 (Davi)'),(73,8001,200,'saída',1,'2025-12-04 16:49:49','Venda #93 - Caixa 7 (Davi)'),(74,7002,200,'saída',1,'2025-12-04 16:49:50','Venda #93 - Caixa 7 (Davi)'),(75,6007,200,'saída',1,'2025-12-04 16:49:50','Venda #93 - Caixa 7 (Davi)'),(76,1001,200,'saída',1,'2025-12-04 16:56:13','Venda #94 - Caixa 7 (Davi)'),(77,2005,200,'saída',1,'2025-12-04 16:56:13','Venda #94 - Caixa 7 (Davi)'),(78,2001,200,'saída',1,'2025-12-04 19:22:26','Venda #95 - Caixa 10 (Davi)'),(79,2002,200,'saída',1,'2025-12-04 19:22:26','Venda #95 - Caixa 10 (Davi)'),(80,2005,200,'saída',1,'2025-12-04 19:36:21','Venda #96 - Caixa 10 (Davi)'),(81,2004,200,'saída',1,'2025-12-04 19:36:21','Venda #96 - Caixa 10 (Davi)'),(82,2005,200,'saída',1,'2025-12-04 19:38:29','Venda #97 - Caixa 10 (Davi)'),(83,2005,200,'saída',1,'2025-12-04 19:41:42','Venda #98 - Caixa 10 (Davi)'),(84,2002,200,'saída',1,'2025-12-04 19:43:36','Venda #99 - Caixa 10 (Davi)'),(85,2004,200,'saída',1,'2025-12-04 19:46:16','Venda #100 - Caixa 10 (Davi)'),(86,2005,200,'saída',1,'2025-12-04 19:46:16','Venda #100 - Caixa 10 (Davi)'),(87,2006,200,'saída',1,'2025-12-05 09:26:42','Venda #101 - Caixa 21 (Davi)'),(88,3002,200,'saída',1,'2025-12-05 09:26:42','Venda #101 - Caixa 21 (Davi)'),(89,3001,200,'saída',1,'2025-12-05 09:26:42','Venda #101 - Caixa 21 (Davi)'),(90,4002,200,'saída',1,'2025-12-05 09:27:21','Venda #102 - Caixa 21 (Davi)'),(91,4001,200,'saída',1,'2025-12-05 09:27:21','Venda #102 - Caixa 21 (Davi)'),(92,3007,200,'saída',1,'2025-12-05 09:27:21','Venda #102 - Caixa 21 (Davi)'),(93,3008,200,'saída',1,'2025-12-05 09:27:21','Venda #102 - Caixa 21 (Davi)'),(94,3002,200,'saída',1,'2025-12-05 09:30:08','Venda #103 - Caixa 21 (Davi)'),(95,4004,200,'saída',1,'2025-12-05 09:31:02','Venda #104 - Caixa 21 (Davi)'),(96,4003,200,'saída',1,'2025-12-05 09:31:02','Venda #104 - Caixa 21 (Davi)'),(97,4001,200,'saída',1,'2025-12-05 09:31:02','Venda #104 - Caixa 21 (Davi)'),(98,4002,200,'saída',1,'2025-12-05 09:31:02','Venda #104 - Caixa 21 (Davi)'),(99,5002,200,'saída',4,'2025-12-05 09:31:02','Venda #104 - Caixa 21 (Davi)'),(100,1001,200,'saída',1,'2025-12-05 10:20:35','Venda #105 - Caixa 22 (Davi)'),(101,2004,200,'saída',1,'2025-12-05 10:20:35','Venda #105 - Caixa 22 (Davi)'),(102,2003,200,'saída',1,'2025-12-05 10:20:35','Venda #105 - Caixa 22 (Davi)'),(103,2006,200,'saída',1,'2025-12-05 10:20:35','Venda #105 - Caixa 22 (Davi)'),(104,2003,200,'saída',1,'2025-12-05 15:09:57','Venda #106 - Caixa 25 (Davi)'),(105,2004,200,'saída',1,'2025-12-05 15:09:57','Venda #106 - Caixa 25 (Davi)'),(106,2005,200,'saída',1,'2025-12-05 15:09:57','Venda #106 - Caixa 25 (Davi)'),(107,2003,200,'saída',1,'2025-12-06 16:58:10','Venda #107 - Caixa 27 (Davi)'),(108,2002,200,'saída',1,'2025-12-06 16:58:10','Venda #107 - Caixa 27 (Davi)'),(109,1001,200,'saída',1,'2025-12-06 16:58:10','Venda #107 - Caixa 27 (Davi)'),(110,2004,200,'saída',1,'2025-12-06 16:58:10','Venda #107 - Caixa 27 (Davi)'),(111,2005,200,'saída',1,'2025-12-06 16:58:10','Venda #107 - Caixa 27 (Davi)'),(112,3006,200,'saída',1,'2025-12-06 17:03:14','Venda #108 - Caixa 28 (Davi)'),(113,2003,205,'saída',1,'2025-12-08 20:35:00','Venda #109 - Caixa 31 (Breno)'),(114,1001,205,'saída',1,'2025-12-08 20:35:20','Venda #110 - Caixa 31 (Breno)'),(115,2003,205,'saída',1,'2025-12-08 20:35:28','Venda #111 - Caixa 31 (Breno)'),(116,6001,200,'saída',1,'2025-12-08 20:37:26','Venda #112 - Caixa 32 (Davi)'),(117,6002,200,'saída',1,'2025-12-08 20:37:26','Venda #112 - Caixa 32 (Davi)'),(118,6005,200,'saída',2,'2025-12-08 20:37:26','Venda #112 - Caixa 32 (Davi)'),(119,5004,200,'saída',1,'2025-12-08 20:37:26','Venda #112 - Caixa 32 (Davi)'),(120,2001,205,'saída',1,'2025-12-08 20:37:35','Venda #113 - Caixa 31 (Breno)'),(121,2006,205,'saída',1,'2025-12-08 20:37:56','Venda #114 - Caixa 31 (Breno)'),(122,2005,200,'saída',1,'2025-12-08 20:40:11','Venda #115 - Caixa 32 (Davi)'),(123,2004,200,'saída',1,'2025-12-08 20:40:11','Venda #115 - Caixa 32 (Davi)'),(124,3002,200,'saída',1,'2025-12-08 20:44:40','Venda #116 - Caixa 32 (Davi)'),(125,3003,200,'saída',2,'2025-12-08 20:44:41','Venda #116 - Caixa 32 (Davi)'),(126,3006,200,'saída',1,'2025-12-08 20:44:41','Venda #116 - Caixa 32 (Davi)'),(127,2005,200,'saída',1,'2025-12-08 20:44:59','Venda #117 - Caixa 32 (Davi)'),(128,3003,200,'saída',1,'2025-12-08 20:44:59','Venda #117 - Caixa 32 (Davi)'),(129,3005,200,'saída',1,'2025-12-08 20:45:36','Venda #118 - Caixa 32 (Davi)'),(130,3006,200,'saída',1,'2025-12-08 20:45:36','Venda #118 - Caixa 32 (Davi)'),(131,3003,200,'saída',1,'2025-12-08 20:45:36','Venda #118 - Caixa 32 (Davi)'),(132,3002,200,'saída',1,'2025-12-08 20:45:36','Venda #118 - Caixa 32 (Davi)'),(133,3007,200,'saída',1,'2025-12-08 20:45:36','Venda #118 - Caixa 32 (Davi)'),(134,3008,200,'saída',1,'2025-12-08 20:45:36','Venda #118 - Caixa 32 (Davi)'),(135,4003,200,'saída',2,'2025-12-08 20:45:36','Venda #118 - Caixa 32 (Davi)'),(136,4004,200,'saída',4,'2025-12-08 20:45:36','Venda #118 - Caixa 32 (Davi)'),(137,5003,200,'saída',1,'2025-12-08 20:45:36','Venda #118 - Caixa 32 (Davi)'),(138,5002,200,'saída',1,'2025-12-08 20:45:36','Venda #118 - Caixa 32 (Davi)'),(139,6001,200,'saída',4,'2025-12-08 20:45:36','Venda #118 - Caixa 32 (Davi)'),(140,7001,200,'saída',7,'2025-12-08 20:45:36','Venda #118 - Caixa 32 (Davi)'),(141,2003,200,'saída',1,'2025-12-08 20:45:45','Venda #119 - Caixa 26 (Wesley)'),(142,2006,200,'saída',1,'2025-12-08 20:45:45','Venda #119 - Caixa 26 (Wesley)'),(143,3002,200,'saída',1,'2025-12-08 20:45:45','Venda #119 - Caixa 26 (Wesley)'),(144,2005,200,'saída',1,'2025-12-08 20:45:45','Venda #119 - Caixa 26 (Wesley)'),(145,3006,200,'saída',1,'2025-12-08 20:45:45','Venda #119 - Caixa 26 (Wesley)'),(146,3004,200,'saída',1,'2025-12-08 20:45:45','Venda #119 - Caixa 26 (Wesley)'),(147,3008,200,'saída',1,'2025-12-08 20:45:45','Venda #119 - Caixa 26 (Wesley)'),(148,4001,200,'saída',1,'2025-12-08 20:45:45','Venda #119 - Caixa 26 (Wesley)'),(149,3007,200,'saída',1,'2025-12-08 20:45:45','Venda #119 - Caixa 26 (Wesley)'),(150,5002,200,'saída',10,'2025-12-08 20:45:45','Venda #119 - Caixa 26 (Wesley)'),(151,6003,200,'saída',10,'2025-12-08 20:46:54','Venda #120 - Caixa 26 (Wesley)'),(152,3007,200,'saída',10,'2025-12-08 20:48:08','Venda #121 - Caixa 26 (Wesley)'),(153,3004,200,'saída',8,'2025-12-08 20:48:08','Venda #121 - Caixa 26 (Wesley)'),(154,3001,200,'saída',6,'2025-12-08 20:48:08','Venda #121 - Caixa 26 (Wesley)'),(155,2005,200,'saída',1,'2025-12-08 20:48:08','Venda #121 - Caixa 26 (Wesley)'),(156,3004,200,'saída',1,'2025-12-08 20:48:16','Venda #122 - Caixa 33 (Davi)'),(157,3006,200,'saída',1,'2025-12-08 20:48:16','Venda #122 - Caixa 33 (Davi)'),(158,5003,200,'saída',1,'2025-12-08 20:48:46','Venda #123 - Caixa 26 (Wesley)'),(159,6003,200,'saída',1,'2025-12-08 20:48:49','Venda #124 - Caixa 33 (Davi)'),(160,6004,200,'saída',1,'2025-12-08 20:48:49','Venda #124 - Caixa 33 (Davi)'),(161,4001,200,'saída',1,'2025-12-08 20:48:49','Venda #124 - Caixa 33 (Davi)'),(162,3008,200,'saída',1,'2025-12-08 20:48:49','Venda #124 - Caixa 33 (Davi)'),(163,2006,205,'saída',1,'2025-12-08 20:49:17','Venda #125 - Caixa 34 (Breno)'),(164,2002,205,'saída',1,'2025-12-08 20:49:20','Venda #126 - Caixa 34 (Breno)'),(165,3002,205,'saída',1,'2025-12-08 20:49:24','Venda #127 - Caixa 34 (Breno)'),(166,4002,205,'saída',1,'2025-12-08 20:49:28','Venda #128 - Caixa 34 (Breno)'),(167,5002,205,'saída',1,'2025-12-08 20:49:33','Venda #129 - Caixa 34 (Breno)'),(168,6002,205,'saída',1,'2025-12-08 20:49:38','Venda #130 - Caixa 34 (Breno)'),(169,2003,200,'saída',1,'2025-12-08 20:49:44','Venda #131 - Caixa 33 (Davi)'),(170,3006,200,'saída',1,'2025-12-08 20:49:58','Venda #132 - Caixa 33 (Davi)'),(171,8003,200,'saída',1,'2025-12-08 20:50:06','Venda #133 - Caixa 26 (Wesley)'),(172,8002,200,'saída',1,'2025-12-08 20:50:06','Venda #133 - Caixa 26 (Wesley)'),(173,8001,200,'saída',1,'2025-12-08 20:50:06','Venda #133 - Caixa 26 (Wesley)'),(174,7002,200,'saída',1,'2025-12-08 20:50:06','Venda #133 - Caixa 26 (Wesley)'),(175,7001,200,'saída',1,'2025-12-08 20:50:06','Venda #133 - Caixa 26 (Wesley)'),(176,6006,200,'saída',1,'2025-12-08 20:50:06','Venda #133 - Caixa 26 (Wesley)'),(177,6007,200,'saída',1,'2025-12-08 20:50:06','Venda #133 - Caixa 26 (Wesley)'),(178,6005,200,'saída',1,'2025-12-08 20:50:06','Venda #133 - Caixa 26 (Wesley)'),(179,6004,200,'saída',1,'2025-12-08 20:50:06','Venda #133 - Caixa 26 (Wesley)'),(180,6003,200,'saída',1,'2025-12-08 20:50:06','Venda #133 - Caixa 26 (Wesley)'),(181,6002,200,'saída',1,'2025-12-08 20:50:06','Venda #133 - Caixa 26 (Wesley)'),(182,6001,200,'saída',1,'2025-12-08 20:50:06','Venda #133 - Caixa 26 (Wesley)'),(183,5003,200,'saída',1,'2025-12-08 20:50:06','Venda #133 - Caixa 26 (Wesley)'),(184,5002,200,'saída',2,'2025-12-08 20:50:06','Venda #133 - Caixa 26 (Wesley)'),(185,5001,200,'saída',1,'2025-12-08 20:50:06','Venda #133 - Caixa 26 (Wesley)'),(186,4004,200,'saída',1,'2025-12-08 20:50:06','Venda #133 - Caixa 26 (Wesley)'),(187,4003,200,'saída',1,'2025-12-08 20:50:06','Venda #133 - Caixa 26 (Wesley)'),(188,4002,200,'saída',1,'2025-12-08 20:50:06','Venda #133 - Caixa 26 (Wesley)'),(189,3007,200,'saída',1,'2025-12-08 20:50:06','Venda #133 - Caixa 26 (Wesley)'),(190,3008,200,'saída',1,'2025-12-08 20:50:06','Venda #133 - Caixa 26 (Wesley)'),(191,4001,200,'saída',1,'2025-12-08 20:50:06','Venda #133 - Caixa 26 (Wesley)'),(192,2006,200,'saída',1,'2025-12-08 20:50:14','Venda #134 - Caixa 33 (Davi)'),(193,6002,205,'saída',1,'2025-12-08 20:52:16','Venda #135 - Caixa 35 (Breno)'),(194,5002,205,'saída',1,'2025-12-08 20:52:20','Venda #136 - Caixa 35 (Breno)'),(195,2006,205,'saída',1,'2025-12-08 20:52:25','Venda #137 - Caixa 35 (Breno)'),(196,1001,205,'saída',1,'2025-12-08 20:52:32','Venda #138 - Caixa 35 (Breno)'),(197,2006,200,'saída',1,'2025-12-08 20:52:52','Venda #139 - Caixa 36 (Davi)'),(198,3002,200,'saída',1,'2025-12-08 20:52:52','Venda #139 - Caixa 36 (Davi)'),(199,3006,200,'saída',1,'2025-12-08 20:53:21','Venda #140 - Caixa 36 (Davi)'),(200,4002,200,'saída',1,'2025-12-08 20:53:39','Venda #141 - Caixa 36 (Davi)'),(201,4004,200,'saída',1,'2025-12-08 20:54:01','Venda #142 - Caixa 36 (Davi)'),(202,4003,200,'saída',1,'2025-12-08 20:54:01','Venda #142 - Caixa 36 (Davi)'),(203,3005,200,'saída',1,'2025-12-08 20:54:31','Venda #143 - Caixa 36 (Davi)'),(204,2003,204,'saída',10,'2025-12-08 20:58:34','Venda #144 - Caixa 37 (Wesley)'),(205,2006,204,'saída',1,'2025-12-08 20:58:34','Venda #144 - Caixa 37 (Wesley)'),(206,2005,204,'saída',1,'2025-12-08 20:58:34','Venda #144 - Caixa 37 (Wesley)'),(207,2004,204,'saída',1,'2025-12-08 20:58:34','Venda #144 - Caixa 37 (Wesley)'),(208,1001,204,'saída',1,'2025-12-08 20:58:34','Venda #144 - Caixa 37 (Wesley)'),(209,2002,204,'saída',1,'2025-12-08 20:58:34','Venda #144 - Caixa 37 (Wesley)'),(210,3002,204,'saída',1,'2025-12-08 20:58:34','Venda #144 - Caixa 37 (Wesley)'),(211,2003,200,'saída',1,'2025-12-08 20:58:37','Venda #145 - Caixa 38 (Davi)'),(212,4001,200,'saída',1,'2025-12-08 20:58:52','Venda #146 - Caixa 38 (Davi)'),(213,5001,204,'saída',10,'2025-12-08 20:59:08','Venda #147 - Caixa 37 (Wesley)'),(214,5002,204,'saída',1,'2025-12-08 20:59:08','Venda #147 - Caixa 37 (Wesley)'),(215,5003,204,'saída',10,'2025-12-08 20:59:08','Venda #147 - Caixa 37 (Wesley)'),(216,4004,200,'saída',1,'2025-12-08 20:59:16','Venda #148 - Caixa 38 (Davi)'),(217,5001,200,'saída',2,'2025-12-08 20:59:16','Venda #148 - Caixa 38 (Davi)'),(218,3002,200,'saída',1,'2025-12-08 20:59:33','Venda #149 - Caixa 38 (Davi)'),(219,3001,200,'saída',1,'2025-12-08 20:59:33','Venda #149 - Caixa 38 (Davi)'),(220,6001,200,'saída',1,'2025-12-08 21:00:06','Venda #150 - Caixa 38 (Davi)'),(221,8003,204,'saída',1,'2025-12-08 21:00:10','Venda #151 - Caixa 37 (Wesley)'),(222,8002,204,'saída',1,'2025-12-08 21:00:10','Venda #151 - Caixa 37 (Wesley)'),(223,8001,204,'saída',1,'2025-12-08 21:00:10','Venda #151 - Caixa 37 (Wesley)'),(224,7001,204,'saída',1,'2025-12-08 21:00:10','Venda #151 - Caixa 37 (Wesley)'),(225,6006,204,'saída',1,'2025-12-08 21:00:10','Venda #151 - Caixa 37 (Wesley)'),(226,6005,204,'saída',1,'2025-12-08 21:00:10','Venda #151 - Caixa 37 (Wesley)'),(227,6004,204,'saída',1,'2025-12-08 21:00:10','Venda #151 - Caixa 37 (Wesley)'),(228,6007,204,'saída',1,'2025-12-08 21:00:10','Venda #151 - Caixa 37 (Wesley)'),(229,7002,204,'saída',1,'2025-12-08 21:00:10','Venda #151 - Caixa 37 (Wesley)'),(230,6001,204,'saída',1,'2025-12-08 21:00:10','Venda #151 - Caixa 37 (Wesley)'),(231,5004,204,'saída',1,'2025-12-08 21:00:10','Venda #151 - Caixa 37 (Wesley)'),(232,6002,204,'saída',10,'2025-12-08 21:00:10','Venda #151 - Caixa 37 (Wesley)'),(233,5003,204,'saída',1,'2025-12-08 21:00:10','Venda #151 - Caixa 37 (Wesley)'),(234,5001,204,'saída',1,'2025-12-08 21:00:10','Venda #151 - Caixa 37 (Wesley)'),(235,5002,204,'saída',1,'2025-12-08 21:00:10','Venda #151 - Caixa 37 (Wesley)'),(236,4003,204,'saída',1,'2025-12-08 21:00:10','Venda #151 - Caixa 37 (Wesley)'),(237,4002,204,'saída',1,'2025-12-08 21:00:10','Venda #151 - Caixa 37 (Wesley)'),(238,4004,204,'saída',1,'2025-12-08 21:00:10','Venda #151 - Caixa 37 (Wesley)'),(239,4001,204,'saída',1,'2025-12-08 21:00:10','Venda #151 - Caixa 37 (Wesley)'),(240,3008,204,'saída',1,'2025-12-08 21:00:10','Venda #151 - Caixa 37 (Wesley)'),(241,3007,204,'saída',1,'2025-12-08 21:00:10','Venda #151 - Caixa 37 (Wesley)'),(242,3006,204,'saída',1,'2025-12-08 21:00:10','Venda #151 - Caixa 37 (Wesley)'),(243,3005,204,'saída',1,'2025-12-08 21:00:10','Venda #151 - Caixa 37 (Wesley)'),(244,3004,204,'saída',1,'2025-12-08 21:00:10','Venda #151 - Caixa 37 (Wesley)'),(245,3002,204,'saída',1,'2025-12-08 21:00:11','Venda #151 - Caixa 37 (Wesley)'),(246,3003,204,'saída',1,'2025-12-08 21:00:11','Venda #151 - Caixa 37 (Wesley)'),(247,2006,204,'saída',1,'2025-12-08 21:00:11','Venda #151 - Caixa 37 (Wesley)'),(248,2005,204,'saída',1,'2025-12-08 21:00:11','Venda #151 - Caixa 37 (Wesley)'),(249,2004,204,'saída',1,'2025-12-08 21:00:11','Venda #151 - Caixa 37 (Wesley)'),(250,1001,204,'saída',1,'2025-12-08 21:00:11','Venda #151 - Caixa 37 (Wesley)'),(251,2003,204,'saída',4,'2025-12-08 21:00:11','Venda #151 - Caixa 37 (Wesley)'),(252,2002,204,'saída',5,'2025-12-08 21:00:11','Venda #151 - Caixa 37 (Wesley)'),(253,1001,204,'saída',1,'2025-12-08 21:00:41','Venda #152 - Caixa 37 (Wesley)'),(254,2004,204,'saída',10,'2025-12-08 21:01:23','Venda #153 - Caixa 37 (Wesley)'),(255,4001,204,'saída',10,'2025-12-08 21:01:51','Venda #154 - Caixa 37 (Wesley)'),(256,4003,204,'saída',1,'2025-12-08 21:02:29','Venda #155 - Caixa 37 (Wesley)'),(257,4004,204,'saída',1,'2025-12-08 21:02:29','Venda #155 - Caixa 37 (Wesley)'),(258,4001,204,'saída',1,'2025-12-08 21:02:30','Venda #155 - Caixa 37 (Wesley)'),(259,4002,204,'saída',1,'2025-12-08 21:02:30','Venda #155 - Caixa 37 (Wesley)'),(260,5001,204,'saída',10,'2025-12-08 21:02:30','Venda #155 - Caixa 37 (Wesley)'),(261,2005,204,'saída',10,'2025-12-08 21:02:49','Venda #156 - Caixa 37 (Wesley)'),(262,2002,200,'saída',1,'2025-12-08 21:03:22','Venda #157 - Caixa 39 (Davi)'),(263,2003,200,'saída',1,'2025-12-08 21:03:40','Venda #158 - Caixa 39 (Davi)'),(264,2006,200,'saída',1,'2025-12-08 21:03:40','Venda #158 - Caixa 39 (Davi)'),(265,3003,200,'saída',1,'2025-12-08 21:03:40','Venda #158 - Caixa 39 (Davi)'),(266,3002,200,'saída',1,'2025-12-08 21:03:56','Venda #159 - Caixa 39 (Davi)'),(267,8003,200,'saída',3,'2025-12-08 21:04:16','Venda #160 - Caixa 39 (Davi)'),(268,4001,200,'saída',1,'2025-12-08 21:04:46','Venda #161 - Caixa 39 (Davi)'),(269,1001,205,'saída',1,'2025-12-08 21:08:54','Venda #162 - Caixa 40 (Breno)'),(270,3001,205,'saída',2,'2025-12-08 21:09:15','Venda #163 - Caixa 40 (Breno)'),(271,6001,205,'saída',1,'2025-12-08 21:09:15','Venda #163 - Caixa 40 (Breno)'),(272,7002,205,'saída',2,'2025-12-08 21:09:26','Venda #164 - Caixa 40 (Breno)'),(273,3006,205,'saída',1,'2025-12-08 21:09:40','Venda #165 - Caixa 40 (Breno)'),(274,4003,200,'saída',1,'2025-12-08 21:10:03','Venda #166 - Caixa 41 (Davi)'),(275,6001,200,'saída',1,'2025-12-08 21:10:20','Venda #167 - Caixa 41 (Davi)'),(276,6002,200,'saída',1,'2025-12-08 21:10:20','Venda #167 - Caixa 41 (Davi)'),(277,4003,200,'saída',1,'2025-12-08 21:10:42','Venda #168 - Caixa 41 (Davi)'),(278,5001,204,'entrada',40,'2025-12-08 21:10:56','Pedido #35 - Fornecedor 1'),(279,6003,200,'saída',1,'2025-12-08 21:10:56','Venda #169 - Caixa 41 (Davi)'),(280,2006,205,'saída',1,'2025-12-08 21:11:02','Venda #170 - Caixa 40 (Breno)'),(281,2003,204,'entrada',10,'2025-12-08 21:11:13','Pedido #36 - Fornecedor 1'),(282,4003,200,'saída',1,'2025-12-08 21:11:15','Venda #171 - Caixa 41 (Davi)'),(283,2003,204,'entrada',10,'2025-12-08 21:11:17','Pedido #37 - Fornecedor 1'),(284,2005,204,'entrada',10,'2025-12-08 21:11:24','Pedido #38 - Fornecedor 1'),(285,2005,204,'entrada',10,'2025-12-08 21:11:27','Pedido #39 - Fornecedor 1'),(286,2004,204,'entrada',10,'2025-12-08 21:11:33','Pedido #40 - Fornecedor 1'),(287,2004,204,'entrada',140,'2025-12-08 21:11:46','Pedido #41 - Fornecedor 1'),(288,4001,204,'entrada',10,'2025-12-08 21:11:54','Pedido #42 - Fornecedor 1'),(289,2006,205,'saída',1,'2025-12-08 21:14:08','Venda #172 - Caixa 42 (Breno)'),(290,1001,204,'saída',1,'2025-12-08 21:14:28','Venda #173 - Caixa 43 (Wesley)'),(291,2005,205,'saída',2,'2025-12-08 21:14:37','Venda #174 - Caixa 42 (Breno)'),(292,1001,205,'saída',1,'2025-12-08 21:14:37','Venda #174 - Caixa 42 (Breno)'),(293,2005,205,'saída',2,'2025-12-08 21:14:43','Venda #175 - Caixa 42 (Breno)'),(294,1001,205,'saída',1,'2025-12-08 21:14:43','Venda #175 - Caixa 42 (Breno)'),(295,2001,205,'saída',2,'2025-12-08 21:17:03','Venda #176 - Caixa 42 (Breno)'),(296,1001,205,'saída',1,'2025-12-08 21:17:03','Venda #176 - Caixa 42 (Breno)'),(297,4003,200,'saída',1,'2025-12-08 21:17:06','Venda #177 - Caixa 44 (Davi)'),(298,1001,205,'saída',1,'2025-12-08 21:17:17','Venda #178 - Caixa 42 (Breno)'),(299,2003,200,'saída',1,'2025-12-08 21:17:19','Venda #179 - Caixa 44 (Davi)'),(300,1001,205,'saída',1,'2025-12-08 21:17:26','Venda #180 - Caixa 42 (Breno)'),(301,1001,205,'saída',1,'2025-12-08 21:17:31','Venda #181 - Caixa 42 (Breno)'),(302,2004,200,'saída',1,'2025-12-08 21:17:33','Venda #182 - Caixa 44 (Davi)'),(303,5003,200,'saída',1,'2025-12-08 21:17:47','Venda #183 - Caixa 44 (Davi)'),(304,2006,200,'saída',1,'2025-12-08 21:18:26','Venda #184 - Caixa 44 (Davi)'),(305,1001,205,'saída',1,'2025-12-08 21:19:26','Venda #185 - Caixa 45 (Breno)'),(306,2001,205,'saída',1,'2025-12-08 21:19:31','Venda #186 - Caixa 45 (Breno)'),(307,3001,205,'saída',1,'2025-12-08 21:19:46','Venda #187 - Caixa 45 (Breno)'),(308,5001,205,'saída',1,'2025-12-08 21:19:49','Venda #188 - Caixa 45 (Breno)'),(309,6001,205,'saída',1,'2025-12-08 21:19:53','Venda #189 - Caixa 45 (Breno)'),(310,8003,200,'saída',1,'2025-12-08 21:20:26','Venda #190 - Caixa 46 (Davi)'),(311,7002,200,'saída',2,'2025-12-08 21:20:26','Venda #190 - Caixa 46 (Davi)'),(312,8001,200,'saída',2,'2025-12-08 21:20:26','Venda #190 - Caixa 46 (Davi)'),(313,8002,200,'saída',1,'2025-12-08 21:20:26','Venda #190 - Caixa 46 (Davi)'),(314,3006,200,'saída',1,'2025-12-08 21:21:22','Venda #191 - Caixa 46 (Davi)'),(315,3004,200,'saída',1,'2025-12-08 21:21:36','Venda #192 - Caixa 46 (Davi)'),(316,3006,200,'saída',1,'2025-12-08 21:21:55','Venda #193 - Caixa 46 (Davi)'),(317,6001,200,'saída',1,'2025-12-08 21:22:17','Venda #194 - Caixa 46 (Davi)'),(318,6002,200,'saída',4,'2025-12-08 21:22:17','Venda #194 - Caixa 46 (Davi)'),(319,6007,200,'saída',1,'2025-12-08 21:22:17','Venda #194 - Caixa 46 (Davi)'),(320,7002,200,'saída',1,'2025-12-08 21:22:17','Venda #194 - Caixa 46 (Davi)'),(321,8001,200,'saída',1,'2025-12-08 21:22:17','Venda #194 - Caixa 46 (Davi)'),(322,6001,205,'saída',1,'2025-12-08 21:22:20','Venda #195 - Caixa 47 (Breno)'),(323,5001,205,'saída',2,'2025-12-08 21:22:29','Venda #196 - Caixa 47 (Breno)'),(324,5001,205,'saída',2,'2025-12-08 21:22:34','Venda #197 - Caixa 47 (Breno)'),(325,6001,205,'saída',1,'2025-12-08 21:22:40','Venda #198 - Caixa 47 (Breno)'),(326,6003,205,'saída',1,'2025-12-08 21:22:48','Venda #199 - Caixa 47 (Breno)'),(327,2006,200,'saída',1,'2025-12-08 21:26:06','Venda #200 - Caixa 48 (Davi)'),(328,3002,200,'saída',1,'2025-12-08 21:26:06','Venda #200 - Caixa 48 (Davi)'),(329,5004,200,'saída',1,'2025-12-08 21:26:23','Venda #201 - Caixa 48 (Davi)'),(330,4004,200,'saída',1,'2025-12-08 21:26:38','Venda #202 - Caixa 48 (Davi)'),(331,5003,200,'saída',1,'2025-12-08 21:26:51','Venda #203 - Caixa 48 (Davi)'),(332,5002,204,'saída',1,'2025-12-08 21:28:11','Venda #204 - Caixa 50 (Wesley)'),(333,6003,204,'saída',2,'2025-12-08 21:29:40','Venda #205 - Caixa 51 (Wesley)'),(334,6004,200,'saída',4,'2025-12-08 21:30:38','Venda #206 - Caixa 52 (Davi)'),(335,8001,200,'saída',2,'2025-12-08 21:30:38','Venda #206 - Caixa 52 (Davi)'),(336,8002,200,'saída',1,'2025-12-08 21:30:38','Venda #206 - Caixa 52 (Davi)'),(337,3002,200,'saída',1,'2025-12-08 21:31:01','Venda #207 - Caixa 52 (Davi)'),(338,3003,200,'saída',1,'2025-12-08 21:31:01','Venda #207 - Caixa 52 (Davi)'),(339,7002,204,'saída',1,'2025-12-08 21:31:13','Venda #208 - Caixa 53 (Wesley)'),(340,4001,200,'saída',1,'2025-12-08 21:31:18','Venda #209 - Caixa 52 (Davi)'),(341,4004,200,'saída',1,'2025-12-08 21:31:18','Venda #209 - Caixa 52 (Davi)'),(342,6002,200,'saída',1,'2025-12-08 21:31:35','Venda #210 - Caixa 52 (Davi)'),(343,6001,200,'saída',1,'2025-12-08 21:31:35','Venda #210 - Caixa 52 (Davi)'),(344,7001,204,'saída',2,'2025-12-08 21:31:48','Venda #211 - Caixa 53 (Wesley)'),(345,3006,200,'saída',1,'2025-12-08 21:31:52','Venda #212 - Caixa 52 (Davi)'),(346,6002,204,'saída',1,'2025-12-08 21:32:29','Venda #213 - Caixa 53 (Wesley)'),(347,6001,200,'saída',2,'2025-12-08 21:34:06','Venda #214 - Caixa 54 (Davi)'),(348,3005,200,'saída',1,'2025-12-08 21:34:24','Venda #215 - Caixa 54 (Davi)'),(349,5004,205,'saída',1,'2025-12-08 21:34:26','Venda #216 - Caixa 49 (Breno)'),(350,6004,205,'saída',2,'2025-12-08 21:34:26','Venda #216 - Caixa 49 (Breno)'),(351,3005,205,'saída',1,'2025-12-08 21:34:40','Venda #217 - Caixa 49 (Breno)'),(352,3003,205,'saída',1,'2025-12-08 21:34:40','Venda #217 - Caixa 49 (Breno)'),(353,7001,205,'saída',1,'2025-12-08 21:34:40','Venda #217 - Caixa 49 (Breno)'),(354,6002,200,'saída',1,'2025-12-08 21:34:45','Venda #218 - Caixa 54 (Davi)'),(355,6001,200,'saída',1,'2025-12-08 21:34:45','Venda #218 - Caixa 54 (Davi)'),(356,6007,200,'saída',1,'2025-12-08 21:34:45','Venda #218 - Caixa 54 (Davi)'),(357,7001,200,'saída',1,'2025-12-08 21:34:45','Venda #218 - Caixa 54 (Davi)'),(358,7002,200,'saída',1,'2025-12-08 21:34:45','Venda #218 - Caixa 54 (Davi)'),(359,8003,200,'saída',4,'2025-12-08 21:34:45','Venda #218 - Caixa 54 (Davi)'),(360,2003,200,'saída',1,'2025-12-08 21:34:58','Venda #219 - Caixa 54 (Davi)'),(361,2006,200,'saída',1,'2025-12-08 21:34:58','Venda #219 - Caixa 54 (Davi)'),(362,1001,205,'saída',1,'2025-12-08 21:35:43','Venda #220 - Caixa 49 (Breno)'),(363,5003,205,'saída',2,'2025-12-08 21:35:43','Venda #220 - Caixa 49 (Breno)'),(364,3006,205,'saída',1,'2025-12-08 21:36:08','Venda #221 - Caixa 49 (Breno)'),(365,4004,205,'saída',2,'2025-12-08 21:36:28','Venda #222 - Caixa 49 (Breno)'),(366,2002,200,'saída',1,'2025-12-08 21:36:31','Venda #223 - Caixa 55 (Davi)'),(367,2003,200,'saída',1,'2025-12-08 21:36:31','Venda #223 - Caixa 55 (Davi)'),(368,2006,200,'saída',1,'2025-12-08 21:36:31','Venda #223 - Caixa 55 (Davi)'),(369,3001,200,'saída',1,'2025-12-08 21:36:31','Venda #223 - Caixa 55 (Davi)'),(370,3002,200,'saída',1,'2025-12-08 21:36:31','Venda #223 - Caixa 55 (Davi)'),(371,3005,200,'saída',1,'2025-12-08 21:36:45','Venda #224 - Caixa 55 (Davi)'),(372,5001,204,'saída',2,'2025-12-08 21:37:00','Venda #225 - Caixa 53 (Wesley)'),(373,2003,200,'saída',1,'2025-12-08 21:37:01','Venda #226 - Caixa 55 (Davi)'),(374,5003,200,'saída',1,'2025-12-08 21:37:18','Venda #227 - Caixa 55 (Davi)'),(375,6005,204,'saída',1,'2025-12-08 21:37:38','Venda #228 - Caixa 53 (Wesley)'),(376,6004,200,'saída',1,'2025-12-08 21:37:45','Venda #229 - Caixa 55 (Davi)'),(377,6005,200,'saída',2,'2025-12-08 21:37:45','Venda #229 - Caixa 55 (Davi)'),(378,6003,200,'saída',2,'2025-12-08 21:37:45','Venda #229 - Caixa 55 (Davi)'),(379,5004,200,'saída',4,'2025-12-08 21:37:45','Venda #229 - Caixa 55 (Davi)'),(380,8002,200,'saída',4,'2025-12-08 21:37:45','Venda #229 - Caixa 55 (Davi)'),(381,2003,204,'saída',2,'2025-12-08 21:39:41','Venda #230 - Caixa 56 (Wesley)'),(382,3008,204,'saída',1,'2025-12-08 21:40:28','Venda #231 - Caixa 57 (Wesley)'),(383,8002,204,'saída',1,'2025-12-08 21:41:26','Venda #232 - Caixa 58 (Wesley)'),(384,2002,205,'saída',1,'2025-12-08 21:41:37','Venda #233 - Caixa 59 (Breno)'),(385,3007,205,'saída',1,'2025-12-08 21:41:37','Venda #233 - Caixa 59 (Breno)'),(386,3007,200,'saída',1,'2025-12-08 21:41:38','Venda #234 - Caixa 60 (Davi)'),(387,3008,200,'saída',1,'2025-12-08 21:41:38','Venda #234 - Caixa 60 (Davi)'),(388,8003,205,'saída',2,'2025-12-08 21:41:52','Venda #235 - Caixa 59 (Breno)'),(389,3006,200,'saída',1,'2025-12-08 21:41:54','Venda #236 - Caixa 60 (Davi)'),(390,8003,204,'saída',1,'2025-12-08 21:42:05','Venda #237 - Caixa 61 (Wesley)'),(391,8002,204,'saída',1,'2025-12-08 21:42:05','Venda #237 - Caixa 61 (Wesley)'),(392,6002,200,'saída',1,'2025-12-08 21:42:13','Venda #238 - Caixa 60 (Davi)'),(393,6001,200,'saída',1,'2025-12-08 21:42:13','Venda #238 - Caixa 60 (Davi)'),(394,3001,205,'saída',1,'2025-12-08 21:42:13','Venda #239 - Caixa 59 (Breno)'),(395,6001,205,'saída',1,'2025-12-08 21:42:13','Venda #239 - Caixa 59 (Breno)'),(396,5003,205,'saída',1,'2025-12-08 21:42:13','Venda #239 - Caixa 59 (Breno)'),(397,8002,205,'saída',3,'2025-12-08 21:42:13','Venda #239 - Caixa 59 (Breno)'),(398,1001,200,'saída',4,'2025-12-08 21:42:28','Venda #240 - Caixa 60 (Davi)'),(399,3008,200,'saída',4,'2025-12-08 21:43:02','Venda #241 - Caixa 60 (Davi)'),(400,3001,205,'saída',1,'2025-12-08 21:43:28','Venda #242 - Caixa 59 (Breno)'),(401,6001,205,'saída',1,'2025-12-08 21:43:28','Venda #242 - Caixa 59 (Breno)'),(402,5003,205,'saída',1,'2025-12-08 21:43:28','Venda #242 - Caixa 59 (Breno)'),(403,8002,205,'saída',3,'2025-12-08 21:43:29','Venda #242 - Caixa 59 (Breno)'),(404,8003,205,'saída',1,'2025-12-08 21:43:47','Venda #243 - Caixa 59 (Breno)'),(405,7002,205,'saída',3,'2025-12-08 21:43:55','Venda #244 - Caixa 59 (Breno)'),(406,5003,204,'saída',1,'2025-12-08 21:45:19','Venda #245 - Caixa 63 (Wesley)'),(407,4002,200,'saída',2,'2025-12-08 21:45:28','Venda #246 - Caixa 62 (Davi)'),(408,4004,200,'saída',3,'2025-12-08 21:45:28','Venda #246 - Caixa 62 (Davi)'),(409,4003,200,'saída',3,'2025-12-08 21:45:28','Venda #246 - Caixa 62 (Davi)'),(410,6004,200,'saída',3,'2025-12-08 21:45:28','Venda #246 - Caixa 62 (Davi)'),(411,8003,200,'saída',4,'2025-12-08 21:45:28','Venda #246 - Caixa 62 (Davi)'),(412,7001,200,'saída',6,'2025-12-08 21:45:28','Venda #246 - Caixa 62 (Davi)'),(413,6006,200,'saída',1,'2025-12-08 21:45:28','Venda #246 - Caixa 62 (Davi)'),(414,6002,200,'saída',1,'2025-12-08 21:45:28','Venda #246 - Caixa 62 (Davi)'),(415,6001,200,'saída',5,'2025-12-08 21:45:28','Venda #246 - Caixa 62 (Davi)'),(416,3003,200,'saída',1,'2025-12-08 21:45:48','Venda #247 - Caixa 62 (Davi)'),(417,3002,200,'saída',1,'2025-12-08 21:45:48','Venda #247 - Caixa 62 (Davi)'),(418,2006,200,'saída',1,'2025-12-08 21:45:48','Venda #247 - Caixa 62 (Davi)'),(419,1001,200,'saída',4,'2025-12-08 21:46:07','Venda #248 - Caixa 62 (Davi)'),(420,2004,200,'saída',2,'2025-12-08 21:46:07','Venda #248 - Caixa 62 (Davi)'),(421,3002,200,'saída',1,'2025-12-08 21:46:07','Venda #248 - Caixa 62 (Davi)'),(422,8002,200,'saída',1,'2025-12-08 21:46:25','Venda #249 - Caixa 62 (Davi)'),(423,8001,200,'saída',1,'2025-12-08 21:46:25','Venda #249 - Caixa 62 (Davi)'),(424,6007,200,'saída',1,'2025-12-08 21:46:25','Venda #249 - Caixa 62 (Davi)'),(425,7001,200,'saída',1,'2025-12-08 21:46:25','Venda #249 - Caixa 62 (Davi)'),(426,4002,204,'saída',1,'2025-12-08 21:46:28','Venda #250 - Caixa 64 (Wesley)'),(427,1001,205,'saída',1,'2025-12-08 21:46:37','Venda #251 - Caixa 65 (Breno)'),(428,6002,200,'saída',1,'2025-12-08 21:46:42','Venda #252 - Caixa 62 (Davi)'),(429,5003,200,'saída',1,'2025-12-08 21:46:42','Venda #252 - Caixa 62 (Davi)'),(430,5001,200,'saída',1,'2025-12-08 21:46:42','Venda #252 - Caixa 62 (Davi)'),(431,3008,205,'saída',2,'2025-12-08 21:46:46','Venda #253 - Caixa 65 (Breno)'),(432,3002,205,'saída',1,'2025-12-08 21:47:01','Venda #254 - Caixa 65 (Breno)'),(433,7002,205,'saída',1,'2025-12-08 21:47:12','Venda #255 - Caixa 65 (Breno)'),(434,3004,205,'saída',1,'2025-12-08 21:47:12','Venda #255 - Caixa 65 (Breno)'),(435,6002,205,'saída',3,'2025-12-08 21:47:12','Venda #255 - Caixa 65 (Breno)'),(436,6001,205,'saída',1,'2025-12-08 21:47:12','Venda #255 - Caixa 65 (Breno)'),(437,7001,205,'saída',1,'2025-12-08 21:47:20','Venda #256 - Caixa 65 (Breno)'),(438,5004,204,'saída',1,'2025-12-08 21:47:44','Venda #257 - Caixa 64 (Wesley)'),(439,2006,204,'saída',1,'2025-12-08 21:48:07','Venda #258 - Caixa 66 (Wesley)'),(440,8001,204,'saída',1,'2025-12-08 21:49:05','Venda #259 - Caixa 68 (Wesley)'),(441,8002,204,'saída',1,'2025-12-08 21:49:05','Venda #259 - Caixa 68 (Wesley)'),(442,8003,204,'saída',1,'2025-12-08 21:49:05','Venda #259 - Caixa 68 (Wesley)'),(443,7001,205,'saída',1,'2025-12-08 21:49:36','Venda #260 - Caixa 67 (Breno)'),(444,6003,204,'saída',10,'2025-12-08 21:49:40','Venda #261 - Caixa 68 (Wesley)'),(445,6005,205,'saída',1,'2025-12-08 21:49:48','Venda #262 - Caixa 67 (Breno)'),(446,5001,205,'saída',3,'2025-12-08 21:49:56','Venda #263 - Caixa 67 (Breno)'),(447,6006,205,'saída',1,'2025-12-08 21:49:56','Venda #263 - Caixa 67 (Breno)'),(448,6005,205,'saída',3,'2025-12-08 21:50:05','Venda #264 - Caixa 67 (Breno)'),(449,3004,205,'saída',1,'2025-12-08 21:50:11','Venda #265 - Caixa 67 (Breno)'),(450,5003,205,'saída',1,'2025-12-08 21:50:21','Venda #266 - Caixa 67 (Breno)'),(451,4001,205,'saída',1,'2025-12-08 21:51:52','Venda #267 - Caixa 69 (Breno)'),(452,2006,205,'saída',1,'2025-12-08 21:51:52','Venda #267 - Caixa 69 (Breno)'),(453,6004,205,'saída',1,'2025-12-08 21:52:02','Venda #268 - Caixa 69 (Breno)'),(454,2004,205,'saída',1,'2025-12-08 21:52:02','Venda #268 - Caixa 69 (Breno)'),(455,6005,205,'saída',1,'2025-12-08 21:52:08','Venda #269 - Caixa 69 (Breno)'),(456,2005,205,'saída',1,'2025-12-08 21:52:17','Venda #270 - Caixa 69 (Breno)'),(457,4004,205,'saída',1,'2025-12-08 21:52:17','Venda #270 - Caixa 69 (Breno)'),(458,2005,205,'saída',1,'2025-12-08 21:52:27','Venda #271 - Caixa 69 (Breno)'),(459,4004,205,'saída',1,'2025-12-08 21:52:27','Venda #271 - Caixa 69 (Breno)'),(460,3001,205,'saída',3,'2025-12-08 21:52:35','Venda #272 - Caixa 69 (Breno)'),(461,7002,205,'saída',1,'2025-12-08 21:55:24','Venda #273 - Caixa 70 (Breno)'),(462,3004,205,'saída',2,'2025-12-08 21:55:24','Venda #273 - Caixa 70 (Breno)'),(463,1001,205,'saída',1,'2025-12-08 21:55:32','Venda #274 - Caixa 70 (Breno)'),(464,6004,205,'saída',1,'2025-12-08 21:55:40','Venda #275 - Caixa 70 (Breno)'),(465,6004,205,'saída',2,'2025-12-08 21:55:40','Venda #275 - Caixa 70 (Breno)'),(466,6007,205,'saída',1,'2025-12-08 21:55:47','Venda #276 - Caixa 70 (Breno)'),(467,2003,205,'saída',1,'2025-12-08 21:55:53','Venda #277 - Caixa 70 (Breno)'),(468,4001,205,'saída',2,'2025-12-08 21:55:53','Venda #277 - Caixa 70 (Breno)'),(469,6007,205,'saída',1,'2025-12-08 21:56:04','Venda #278 - Caixa 70 (Breno)'),(470,8001,200,'saída',1,'2025-12-08 21:57:38','Venda #279 - Caixa 62 (Davi)'),(471,8002,200,'saída',1,'2025-12-08 21:57:38','Venda #279 - Caixa 62 (Davi)'),(472,7001,200,'saída',1,'2025-12-08 21:57:38','Venda #279 - Caixa 62 (Davi)'),(473,6007,200,'saída',1,'2025-12-08 21:57:38','Venda #279 - Caixa 62 (Davi)'),(474,1001,200,'saída',1,'2025-12-08 21:58:02','Venda #280 - Caixa 62 (Davi)'),(475,3005,200,'saída',1,'2025-12-08 21:58:02','Venda #280 - Caixa 62 (Davi)'),(476,2004,204,'saída',1,'2025-12-08 21:58:04','Venda #281 - Caixa 72 (Wesley)'),(477,4004,200,'saída',1,'2025-12-08 21:58:18','Venda #282 - Caixa 62 (Davi)'),(478,4003,200,'saída',1,'2025-12-08 21:58:18','Venda #282 - Caixa 62 (Davi)'),(479,3003,200,'saída',1,'2025-12-08 21:58:32','Venda #283 - Caixa 62 (Davi)'),(480,3001,204,'saída',1,'2025-12-08 21:58:42','Venda #284 - Caixa 72 (Wesley)'),(481,3005,204,'saída',1,'2025-12-08 21:58:42','Venda #284 - Caixa 72 (Wesley)'),(482,5001,200,'saída',1,'2025-12-08 21:58:51','Venda #285 - Caixa 62 (Davi)'),(483,5004,200,'saída',3,'2025-12-08 21:58:51','Venda #285 - Caixa 62 (Davi)'),(484,7001,204,'saída',3,'2025-12-08 21:59:32','Venda #286 - Caixa 74 (Wesley)'),(485,5001,205,'saída',1,'2025-12-08 21:59:40','Venda #287 - Caixa 73 (Breno)'),(486,8002,205,'saída',1,'2025-12-08 21:59:40','Venda #287 - Caixa 73 (Breno)'),(487,6001,205,'saída',1,'2025-12-08 21:59:40','Venda #287 - Caixa 73 (Breno)'),(488,7002,205,'saída',1,'2025-12-08 21:59:53','Venda #288 - Caixa 73 (Breno)'),(489,8001,205,'saída',2,'2025-12-08 22:00:06','Venda #289 - Caixa 73 (Breno)'),(490,3004,205,'saída',1,'2025-12-08 22:00:06','Venda #289 - Caixa 73 (Breno)'),(491,6002,205,'saída',1,'2025-12-08 22:00:06','Venda #289 - Caixa 73 (Breno)'),(492,3005,205,'saída',1,'2025-12-08 22:00:06','Venda #289 - Caixa 73 (Breno)'),(493,8003,205,'saída',2,'2025-12-08 22:00:15','Venda #290 - Caixa 73 (Breno)'),(494,8003,205,'saída',2,'2025-12-08 22:00:23','Venda #291 - Caixa 73 (Breno)'),(495,5001,205,'saída',1,'2025-12-08 22:00:36','Venda #292 - Caixa 73 (Breno)'),(496,6002,205,'saída',1,'2025-12-08 22:00:36','Venda #292 - Caixa 73 (Breno)'),(497,6002,205,'saída',1,'2025-12-08 22:00:36','Venda #292 - Caixa 73 (Breno)'),(498,2002,200,'saída',1,'2025-12-08 22:00:50','Venda #293 - Caixa 75 (Davi)'),(499,2006,200,'saída',1,'2025-12-08 22:00:50','Venda #293 - Caixa 75 (Davi)'),(500,5003,205,'saída',1,'2025-12-08 22:00:50','Venda #294 - Caixa 73 (Breno)'),(501,8002,205,'saída',2,'2025-12-08 22:00:50','Venda #294 - Caixa 73 (Breno)'),(502,3003,200,'saída',1,'2025-12-08 22:01:06','Venda #295 - Caixa 75 (Davi)'),(503,3002,200,'saída',1,'2025-12-08 22:01:06','Venda #295 - Caixa 75 (Davi)'),(504,2006,200,'saída',1,'2025-12-08 22:02:28','Venda #296 - Caixa 77 (Davi)'),(505,3003,205,'saída',1,'2025-12-08 22:02:40','Venda #297 - Caixa 76 (Breno)'),(506,3005,200,'saída',1,'2025-12-08 22:02:44','Venda #298 - Caixa 77 (Davi)'),(507,4002,205,'saída',1,'2025-12-08 22:02:49','Venda #299 - Caixa 76 (Breno)'),(508,6003,205,'saída',1,'2025-12-08 22:02:56','Venda #300 - Caixa 76 (Breno)'),(509,5003,205,'saída',3,'2025-12-08 22:02:56','Venda #300 - Caixa 76 (Breno)'),(510,6006,205,'saída',1,'2025-12-08 22:03:05','Venda #301 - Caixa 76 (Breno)'),(511,3001,205,'saída',1,'2025-12-08 22:03:05','Venda #301 - Caixa 76 (Breno)'),(512,3003,205,'saída',1,'2025-12-08 22:03:05','Venda #301 - Caixa 76 (Breno)'),(513,3007,205,'saída',3,'2025-12-08 22:03:05','Venda #301 - Caixa 76 (Breno)'),(514,4004,200,'saída',3,'2025-12-08 22:03:06','Venda #302 - Caixa 77 (Davi)'),(515,4003,200,'saída',3,'2025-12-08 22:03:06','Venda #302 - Caixa 77 (Davi)'),(516,5003,200,'saída',4,'2025-12-08 22:03:06','Venda #302 - Caixa 77 (Davi)'),(517,3002,205,'saída',1,'2025-12-08 22:03:12','Venda #303 - Caixa 76 (Breno)'),(518,8002,205,'saída',1,'2025-12-08 22:03:12','Venda #303 - Caixa 76 (Breno)'),(519,2003,205,'saída',1,'2025-12-08 22:03:12','Venda #303 - Caixa 76 (Breno)'),(520,3002,205,'saída',2,'2025-12-08 22:03:27','Venda #304 - Caixa 76 (Breno)'),(521,6002,205,'saída',1,'2025-12-08 22:03:27','Venda #304 - Caixa 76 (Breno)'),(522,2006,200,'saída',1,'2025-12-08 22:03:32','Venda #305 - Caixa 77 (Davi)'),(523,5003,200,'saída',1,'2025-12-08 22:03:32','Venda #305 - Caixa 77 (Davi)'),(524,5001,200,'saída',5,'2025-12-08 22:03:32','Venda #305 - Caixa 77 (Davi)'),(525,6004,200,'saída',5,'2025-12-08 22:03:32','Venda #305 - Caixa 77 (Davi)'),(526,6005,200,'saída',7,'2025-12-08 22:03:32','Venda #305 - Caixa 77 (Davi)'),(527,4002,200,'saída',1,'2025-12-08 22:03:49','Venda #306 - Caixa 77 (Davi)'),(528,4003,200,'saída',1,'2025-12-08 22:03:49','Venda #306 - Caixa 77 (Davi)'),(529,3005,205,'saída',1,'2025-12-08 22:04:45','Venda #307 - Caixa 78 (Breno)'),(530,3002,205,'saída',2,'2025-12-08 22:04:52','Venda #308 - Caixa 78 (Breno)'),(531,6004,205,'saída',2,'2025-12-08 22:05:00','Venda #309 - Caixa 78 (Breno)'),(532,5002,205,'saída',2,'2025-12-08 22:05:00','Venda #309 - Caixa 78 (Breno)'),(533,5002,205,'saída',1,'2025-12-08 22:05:10','Venda #310 - Caixa 78 (Breno)'),(534,5002,205,'saída',3,'2025-12-08 22:05:26','Venda #311 - Caixa 78 (Breno)'),(535,6007,205,'saída',2,'2025-12-08 22:05:26','Venda #311 - Caixa 78 (Breno)'),(536,3006,205,'saída',1,'2025-12-08 22:05:26','Venda #311 - Caixa 78 (Breno)');
/*!40000 ALTER TABLE `movimento_estoque` ENABLE KEYS */;
UNLOCK TABLES;

--
-- Table structure for table `produto_loja`
--

DROP TABLE IF EXISTS `produto_loja`;
/*!40101 SET @saved_cs_client     = @@character_set_client */;
/*!50503 SET character_set_client = utf8mb4 */;
CREATE TABLE `produto_loja` (
  `id_produto_loja` int NOT NULL AUTO_INCREMENT,
  `id_produto` int NOT NULL,
  `id_empresa` int NOT NULL,
  `desconto` decimal(10,2) DEFAULT '0.00',
  `estoque` int DEFAULT '0',
  PRIMARY KEY (`id_produto_loja`),
  KEY `id_produto` (`id_produto`),
  KEY `id_empresa` (`id_empresa`),
  CONSTRAINT `produto_loja_ibfk_1` FOREIGN KEY (`id_produto`) REFERENCES `produtos` (`id_produto`),
  CONSTRAINT `produto_loja_ibfk_2` FOREIGN KEY (`id_empresa`) REFERENCES `empresas` (`id_empresa`)
) ENGINE=InnoDB AUTO_INCREMENT=369 DEFAULT CHARSET=utf8mb4 COLLATE=utf8mb4_general_ci;
/*!40101 SET character_set_client = @saved_cs_client */;

--
-- Dumping data for table `produto_loja`
--

LOCK TABLES `produto_loja` WRITE;
/*!40000 ALTER TABLE `produto_loja` DISABLE KEYS */;
INSERT INTO `produto_loja` VALUES (5,1001,200,11.00,3),(6,2001,200,0.00,10),(7,2002,200,0.00,6),(8,2003,200,0.00,2),(9,2004,200,0.00,0),(10,2005,200,0.00,0),(11,2006,200,0.00,6),(12,3001,200,0.00,3),(13,3002,200,0.00,4),(14,3003,200,0.00,11),(15,3004,200,0.00,9),(16,3005,200,0.00,14),(17,3006,200,0.00,9),(18,3007,200,0.00,4),(19,3008,200,0.00,9),(20,4001,200,0.00,6),(21,4002,200,0.00,10),(22,4003,200,0.00,0),(23,4004,200,0.00,1),(24,5001,200,0.00,6),(25,5002,200,0.00,0),(26,5003,200,0.00,7),(27,5004,200,0.00,9),(28,6001,200,0.00,0),(29,6002,200,0.00,8),(30,6003,200,0.00,5),(31,6004,200,0.00,3),(32,6005,200,0.00,8),(33,6006,200,0.00,18),(34,6007,200,0.00,13),(35,7001,200,0.00,1),(36,7002,200,0.00,13),(37,8001,200,0.00,10),(38,8002,200,0.00,11),(39,8003,200,0.00,6),(40,1001,203,0.00,0),(41,3004,203,0.00,0),(42,3005,203,0.00,0),(43,3006,203,0.00,0),(44,2002,203,0.00,0),(45,2001,203,0.00,0),(46,2005,203,0.00,0),(47,2006,203,0.00,0),(48,3002,203,0.00,0),(49,3003,203,0.00,0),(50,3007,203,0.00,0),(51,2004,203,0.00,0),(52,2003,203,0.00,0),(53,3001,203,0.00,0),(54,3008,203,0.00,0),(55,4001,203,0.00,0),(56,4002,203,0.00,0),(57,4003,203,0.00,0),(58,4004,203,0.00,0),(59,5001,203,0.00,0),(60,5002,203,0.00,0),(61,5003,203,0.00,0),(62,5004,203,0.00,0),(63,6001,203,0.00,0),(64,6002,203,0.00,0),(65,6003,203,0.00,0),(66,6004,203,0.00,0),(67,6005,203,0.00,0),(68,6006,203,0.00,0),(69,6007,203,0.00,0),(70,7001,203,0.00,0),(71,7002,203,0.00,0),(72,8001,203,0.00,0),(73,8002,203,0.00,0),(74,8003,203,0.00,0),(75,1001,204,0.00,21),(76,2001,204,0.00,25),(77,2002,204,0.00,19),(78,3004,204,0.00,24),(79,3005,204,0.00,23),(80,3006,204,0.00,24),(81,2004,204,0.00,162),(82,2003,204,0.00,29),(83,2005,204,0.00,33),(84,3007,204,0.00,24),(85,2006,204,0.00,22),(86,3003,204,0.00,24),(87,3001,204,0.00,24),(88,3002,204,0.00,23),(89,4001,204,0.00,23),(90,3008,204,0.00,23),(91,4002,204,0.00,22),(92,4003,204,0.00,23),(93,4004,204,0.00,23),(94,5001,204,0.00,42),(95,5002,204,0.00,22),(96,5003,204,0.00,13),(97,5004,204,0.00,23),(98,6001,204,0.00,24),(99,6002,204,0.00,14),(100,6003,204,0.00,13),(101,6004,204,0.00,24),(102,6005,204,0.00,23),(103,6006,204,0.00,24),(104,6007,204,0.00,24),(105,7001,204,0.00,19),(106,7002,204,0.00,23),(107,8001,204,0.00,23),(108,8002,204,0.00,21),(109,8003,204,0.00,22),(110,1001,205,0.00,12),(111,2002,205,0.00,23),(112,2001,205,0.00,21),(113,2005,205,0.00,19),(114,3001,205,0.00,16),(115,2004,205,0.00,24),(116,2003,205,0.00,21),(117,2006,205,0.00,17),(118,3003,205,0.00,22),(119,3004,205,0.00,20),(120,3002,205,0.00,18),(121,3005,205,0.00,22),(122,3006,205,0.00,22),(123,3007,205,0.00,21),(124,3008,205,0.00,23),(125,4001,205,0.00,22),(126,4002,205,0.00,23),(127,4003,205,0.00,25),(128,4004,205,0.00,21),(129,5001,205,0.00,15),(130,5002,205,0.00,17),(131,5003,205,0.00,16),(132,5004,205,0.00,24),(133,6001,205,0.00,17),(134,6002,205,0.00,16),(135,6003,205,0.00,23),(136,6004,205,0.00,17),(137,6005,205,0.00,20),(138,6006,205,0.00,23),(139,6007,205,0.00,21),(140,7001,205,0.00,22),(141,7002,205,0.00,17),(142,8001,205,0.00,23),(143,8002,205,0.00,14),(144,8003,205,0.00,18),(215,1001,208,0.00,0),(216,2001,208,0.00,0),(217,2002,208,0.00,0),(218,2003,208,0.00,0),(219,2004,208,0.00,0),(220,2005,208,0.00,0),(221,2006,208,0.00,0),(222,3001,208,0.00,0),(223,3002,208,0.00,0),(224,3003,208,0.00,0),(225,3004,208,0.00,0),(226,3005,208,0.00,0),(227,3006,208,0.00,0),(228,3007,208,0.00,0),(229,3008,208,0.00,0),(230,4001,208,0.00,0),(231,4002,208,0.00,0),(232,4003,208,0.00,0),(233,4004,208,0.00,0),(234,5001,208,0.00,0),(235,5002,208,0.00,0),(236,5003,208,0.00,0),(237,5004,208,0.00,0),(238,6001,208,0.00,0),(239,6002,208,0.00,0),(240,6003,208,0.00,0),(241,6004,208,0.00,0),(242,6005,208,0.00,0),(243,6006,208,0.00,0),(244,6007,208,0.00,0),(245,7001,208,0.00,0),(246,7002,208,0.00,0),(247,8001,208,0.00,0),(248,8002,208,0.00,0),(249,8003,208,0.00,0),(320,1001,211,0.00,0),(321,2001,211,0.00,0),(322,2002,211,0.00,0),(323,2003,211,0.00,0),(324,2004,211,0.00,0),(325,2005,211,0.00,0),(326,2006,211,0.00,0),(327,3001,211,0.00,0),(328,3002,211,0.00,0),(329,3003,211,0.00,0),(330,3004,211,0.00,0),(331,3005,211,0.00,0),(332,3006,211,0.00,0),(333,3007,211,0.00,0),(334,3008,211,0.00,0),(335,4001,211,0.00,0),(336,4002,211,0.00,0),(337,4003,211,0.00,0),(338,4004,211,0.00,0),(339,5001,211,0.00,0),(340,5002,211,0.00,0),(341,5003,211,0.00,0),(342,5004,211,0.00,0),(343,6001,211,0.00,0),(344,6002,211,0.00,0),(345,6003,211,0.00,0),(346,6004,211,0.00,0),(347,6005,211,0.00,0),(348,6006,211,0.00,0),(349,6007,211,0.00,0),(350,7001,211,0.00,0),(351,7002,211,0.00,0),(352,8001,211,0.00,0),(353,8002,211,0.00,0),(354,8003,211,0.00,0);
/*!40000 ALTER TABLE `produto_loja` ENABLE KEYS */;
UNLOCK TABLES;

--
-- Table structure for table `produtos`
--

DROP TABLE IF EXISTS `produtos`;
/*!40101 SET @saved_cs_client     = @@character_set_client */;
/*!50503 SET character_set_client = utf8mb4 */;
CREATE TABLE `produtos` (
  `id_produto` int NOT NULL AUTO_INCREMENT,
  `id_empresa` int NOT NULL,
  `id_categoria` int DEFAULT NULL,
  `id_fornecedor` int DEFAULT NULL,
  `nome` varchar(255) COLLATE utf8mb4_general_ci NOT NULL,
  `descricao` varchar(1000) COLLATE utf8mb4_general_ci DEFAULT NULL,
  `custo` decimal(10,2) NOT NULL,
  `lucro` int NOT NULL,
  `preco` decimal(10,2) NOT NULL,
  `imagem` varchar(1000) COLLATE utf8mb4_general_ci DEFAULT NULL,
  `status` enum('ativo','inativo') COLLATE utf8mb4_general_ci DEFAULT 'ativo',
  PRIMARY KEY (`id_produto`),
  KEY `id_empresa` (`id_empresa`),
  KEY `id_categoria` (`id_categoria`),
  KEY `id_fornecedor` (`id_fornecedor`),
  CONSTRAINT `produtos_ibfk_1` FOREIGN KEY (`id_empresa`) REFERENCES `empresas` (`id_empresa`),
  CONSTRAINT `produtos_ibfk_2` FOREIGN KEY (`id_categoria`) REFERENCES `categorias` (`id_categoria`),
  CONSTRAINT `produtos_ibfk_3` FOREIGN KEY (`id_fornecedor`) REFERENCES `fornecedores` (`id_fornecedor`)
) ENGINE=InnoDB AUTO_INCREMENT=2147483648 DEFAULT CHARSET=utf8mb4 COLLATE=utf8mb4_general_ci;
/*!40101 SET character_set_client = @saved_cs_client */;

--
-- Dumping data for table `produtos`
--

LOCK TABLES `produtos` WRITE;
/*!40000 ALTER TABLE `produtos` DISABLE KEYS */;
INSERT INTO `produtos` VALUES (1001,100,1,1,'Urso Teddy','Ursinho de pelúcia macio e antialérgico, ideal para presentear e decorar o quarto das crianças.',35.00,25,59.90,'/img/produtos/urso_teddy.png','ativo'),(2001,100,2,1,'Boneka Dora','Boneca de pano colorida, feita à mão com detalhes em tecido suave.',28.00,18,45.90,'/img/produtos/boneka_dora.png','inativo'),(2002,100,2,1,'Boneko Igolinho','Boneco de urso azul claro com roupa de inverno e desenho de floco de neve.',30.00,20,49.90,'/img/produtos/boneko_igolinho.png','ativo'),(2003,100,2,1,'Senhor Patonildo','Pato de borracha com óculos e expressão divertida. Ideal para banho.',12.00,9,20.90,'/img/produtos/senhor_patonildo.png','ativo'),(2004,100,2,1,'Alien Neco','Alienígena roxo com um olho só e antenas, corpo arredondado e textura macia.',18.00,12,29.90,'/img/produtos/alien_neco.png','ativo'),(2005,100,2,1,'Kachorrilo','Cachorrinho salchicha com rodinhas e corda para puxar. Estimula coordenação motora.',22.00,14,35.90,'/img/produtos/kachorrilo.png','ativo'),(2006,100,2,1,'Robociclo','Boneco robô articulado com design futurista e peças resistentes.',27.00,19,45.90,'/img/produtos/robociclo.png','ativo'),(3001,100,3,1,'Bomber Kar','Carrinho de bombeiro vermelho com escada retrátil e rodas livres.',25.00,15,39.90,'/img/produtos/bomber_kar.png','ativo'),(3002,100,3,1,'Avião Divertido','Avião rosa com asas amarelas e hélices móveis. Seguro e educativo.',30.00,20,49.90,'/img/produtos/aviao_divertido.png','ativo'),(3003,100,3,1,'Aviãozinho','Avião biplano colorido de duas asas paralelas, feito em plástico resistente.',22.00,14,35.90,'/img/produtos/aviao_biplano.png','ativo'),(3004,100,3,1,'Trenziko','Frente de trem estilo maria-fumaça com 6 rodas. Azul e amarelo.',33.00,22,54.90,'/img/produtos/trenziko.png','ativo'),(3005,100,3,1,'Trenzito','Trem de madeira com 3 vagões coloridos, ideal para brincadeiras educativas.',42.00,28,69.90,'/img/produtos/trenzito.png','ativo'),(3006,100,3,1,'Barco Navioleiro','Navio de brinquedo azul e amarelo, flutua na água e estimula a imaginação.',28.00,18,45.90,'/img/produtos/barco_navioleiro.png','ativo'),(3007,100,3,1,'Carriko','Carrinho de corda retrátil. Basta girar a chave e ver ele correr!',12.00,9,20.90,'/img/produtos/carriko.png','ativo'),(3008,100,3,1,'Foguetim','Foguete de brinquedo branco com detalhes vermelhos. Ideal para aventuras espaciais.',25.00,15,39.90,'/img/produtos/foguetim.png','ativo'),(4001,100,4,1,'Blocos Kandy','Blocos plásticos coloridos de montar, compatíveis com outros conjuntos.',35.00,25,59.90,'/img/produtos/blocos_kandy.png','ativo'),(4002,100,4,1,'Blokibetos','Blocos de madeira com letras do alfabeto, ideais para alfabetização infantil.',40.00,30,69.90,'/img/produtos/blokibetos.png','ativo'),(4003,100,4,1,'Blokolos','Blocos de madeira coloridos para construir castelos e casas. Estimula a criatividade.',38.00,27,64.90,'/img/produtos/blokolos.png','ativo'),(4004,100,4,1,'Konstru Jengo','Jogo tipo jenga com peças coloridas de madeira para diversão em grupo.',22.00,15,36.90,'/img/produtos/konstru_jengo.png','ativo'),(5001,100,5,1,'Kebra Cabeça','Quebra-cabeça educativo com peças grandes e resistentes. Ideal para crianças pequenas.',18.00,12,29.90,'/img/produtos/kebra_cabeca.png','ativo'),(5002,100,5,1,'Cartikas','Cartas de baralho ilustradas, resistentes à água e de fácil manuseio.',10.00,8,17.90,'/img/produtos/cartikas.png','ativo'),(5003,100,5,1,'Cubo Magiko','Cubo mágico 3x3 colorido, estimula raciocínio e coordenação motora.',14.00,9,22.90,'/img/produtos/cubo_magiko.png','ativo'),(5004,100,5,1,'Kone do Palhaço','Brinquedo de argolas coloridas para empilhar e desenvolver coordenação.',16.00,11,26.90,'/img/produtos/kone_palhaco.png','ativo'),(6001,100,6,1,'Bola de Praia','Bola inflável colorida, leve e ideal para brincadeiras na areia ou piscina.',8.00,7,14.90,'/img/produtos/bola_praia.png','ativo'),(6002,100,6,1,'Baskete','Mini bola de basquete com cesta, ideal para jogos em casa.',22.00,15,36.90,'/img/produtos/baskete.png','ativo'),(6003,100,6,1,'Pipa Lipa','Pipa colorida e resistente com rabiola longa e fácil de empinar.',10.00,7,16.90,'/img/produtos/pipa_lipa.png','ativo'),(6004,100,6,1,'Balaozinho','Mini balão de passeio colorido. Decoração lúdica e segura.',18.00,12,29.90,'/img/produtos/balaozinho.png','ativo'),(6005,100,6,1,'Tricilo Iclo','Triciclo infantil seguro, colorido e ergonômico.',65.00,35,99.90,'/img/produtos/tricilo_iclo.png','ativo'),(6006,100,6,1,'Vento Kata','Catavento colorido que gira facilmente com o vento. Feito em plástico leve.',6.00,6,11.90,'/img/produtos/vento_kata.png','ativo'),(6007,100,6,1,'Tikoio','Ioiô azul com estrela branca e círculo amarelo no centro. Brinquedo clássico.',8.00,7,15.00,'/img/produtos/tikoio.png','ativo'),(7001,100,7,1,'Dinossauro','Brinquedo de dinossauro articulado, ideal para colecionar e brincar.',28.00,18,45.90,'/img/produtos/dinossauro.png','ativo'),(7002,100,7,1,'Koroa','Coroa de fantasia dourada com pedras coloridas, ideal para brincadeiras de rei e rainha.',10.00,8,17.90,'/img/produtos/koroa.png','ativo'),(8001,100,8,1,'Xilofone Filo','Xilofone colorido infantil que estimula coordenação e percepção musical.',26.00,19,44.90,'/img/produtos/xilofone_filo.png','ativo'),(8002,100,8,1,'Tamborilo','Mini tambor infantil com baquetas, ideal para iniciar na música.',22.00,14,35.90,'/img/produtos/tamborilo.png','ativo'),(8003,100,8,1,'Chokito','Chocalho colorido e seguro para bebês, feito em plástico livre de BPA.',12.00,9,20.90,'/img/produtos/chokito.png','ativo');
/*!40000 ALTER TABLE `produtos` ENABLE KEYS */;
UNLOCK TABLES;

--
-- Table structure for table `tokens`
--

DROP TABLE IF EXISTS `tokens`;
/*!40101 SET @saved_cs_client     = @@character_set_client */;
/*!50503 SET character_set_client = utf8mb4 */;
CREATE TABLE `tokens` (
  `id_token` int NOT NULL AUTO_INCREMENT,
  `id_usuario` int NOT NULL,
  `codigo` varchar(255) COLLATE utf8mb4_general_ci NOT NULL,
  `expira_em` datetime NOT NULL,
  `verificado` tinyint(1) DEFAULT '0',
  PRIMARY KEY (`id_token`)
) ENGINE=InnoDB AUTO_INCREMENT=16 DEFAULT CHARSET=utf8mb4 COLLATE=utf8mb4_general_ci;
/*!40101 SET character_set_client = @saved_cs_client */;

--
-- Dumping data for table `tokens`
--

LOCK TABLES `tokens` WRITE;
/*!40000 ALTER TABLE `tokens` DISABLE KEYS */;
INSERT INTO `tokens` VALUES (2,100,'$2b$10$dHbcS.gs47PMEVJDoQAaSuQnkf8aG6BSb9wyTTqExKSXmfpG1b/li','2025-10-17 16:02:47',0),(4,100,'$2b$10$7G3zYcRiUB.luMz48d4QzeaZQby417RMycE80N0QpnIlfJ.QykHAe','2025-10-22 08:31:11',1),(5,101,'$2b$10$v/K425EXKBqPh.6a2QcAIuMC9H5udJb9lgJlReLE2ZW2tApEdimOy','2025-10-24 13:29:26',0),(6,101,'$2b$10$wkFY51AmKRjIWEy/ij5z1eORn/I9sM0fWhWnxBcMYAzCzUEjdhcSm','2025-10-24 14:06:26',0),(7,101,'$2b$10$TtwHi.m0D4s9sp.fZKzSEO/u20tYHNV9bVMFsufUfCja7ggfp63du','2025-10-24 14:11:01',0),(8,101,'$2b$10$.z1qCE397ZN/HHvqRU72dOErHQUP8Osak./GCtLOqznKiFvSVVUjO','2025-10-24 14:12:45',0),(9,101,'$2b$10$dIZPPd0wBU22X4TaGi201erCrJeN8eIAp7T88LogUXWKxhw51Sl6a','2025-10-24 14:15:07',0),(10,101,'$2b$10$2YFm3KY53xQ97eit5gamkOP6y80HDxOvDbmp2KOtdj.GFaDieM2fq','2025-10-24 14:22:08',1),(11,101,'$2b$10$N2q0QAeiWGV8X.4w1ne6BuSE8QAuyUh.Cr.bBRx94TP4XMgWsv10.','2025-10-24 14:40:39',1),(12,101,'$2b$10$E43i5sMJ25ZbjAFdeYX9yODn80/RQCZCb2.MAImAZ1xu.f.XFzLe.','2025-10-24 16:50:05',1),(13,101,'$2b$10$vw.ua0ka4aMqmvtInDTUou4Gc6VunWLavY.u0ErNJt7T4r9pYexGe','2025-10-24 16:52:46',1),(14,103,'$2b$10$zoejtACIkJ/EfpIdONNQPuHD29m3dsbZ35U6C42znaPl0hxSZrgDC','2025-11-07 14:07:36',1),(15,113,'$2b$10$OsmHw5c/7.fT9hflIqh5NOJuwFvWbgIvYmaePXr/Qf0glAf7ojXmW','2025-12-05 15:36:54',1);
/*!40000 ALTER TABLE `tokens` ENABLE KEYS */;
UNLOCK TABLES;

--
-- Table structure for table `usuarios`
--

DROP TABLE IF EXISTS `usuarios`;
/*!40101 SET @saved_cs_client     = @@character_set_client */;
/*!50503 SET character_set_client = utf8mb4 */;
CREATE TABLE `usuarios` (
  `id_usuario` int NOT NULL AUTO_INCREMENT,
  `nome` varchar(100) COLLATE utf8mb4_general_ci NOT NULL,
  `email` varchar(100) COLLATE utf8mb4_general_ci NOT NULL,
  `telefone` varchar(15) COLLATE utf8mb4_general_ci DEFAULT NULL,
  `cpf` char(11) COLLATE utf8mb4_general_ci DEFAULT NULL,
  `endereco` varchar(255) COLLATE utf8mb4_general_ci DEFAULT NULL,
  `perfil` enum('admin','gerente','vendedor') COLLATE utf8mb4_general_ci NOT NULL,
  `senha` varchar(255) COLLATE utf8mb4_general_ci NOT NULL,
  `data_nasc` date DEFAULT NULL,
  `id_empresa` int NOT NULL,
  `status` enum('ativo','inativo') COLLATE utf8mb4_general_ci DEFAULT 'ativo',
  PRIMARY KEY (`id_usuario`),
  UNIQUE KEY `email` (`email`),
  UNIQUE KEY `cpf` (`cpf`),
  KEY `id_empresa` (`id_empresa`),
  CONSTRAINT `usuarios_ibfk_1` FOREIGN KEY (`id_empresa`) REFERENCES `empresas` (`id_empresa`)
) ENGINE=InnoDB AUTO_INCREMENT=114 DEFAULT CHARSET=utf8mb4 COLLATE=utf8mb4_general_ci;
/*!40101 SET character_set_client = @saved_cs_client */;

--
-- Dumping data for table `usuarios`
--

LOCK TABLES `usuarios` WRITE;
/*!40000 ALTER TABLE `usuarios` DISABLE KEYS */;
INSERT INTO `usuarios` VALUES (100,'Bernardo de Souza Madureira','bernardomadureira.souza@gmail.com','11993001135','47806468803','Rua Maurício Jacquey, 308, Bloco 5, Apto. 81 - Vila Helena, São Bernardo do Campo - SP, 09635-080','gerente','$2b$10$qA/Kd81BFiTOO9hGxYMrdexhnHqrMnkgwt1113yxRbKLsxl.DYEjm','2008-01-24',200,'ativo'),(101,'Davi Leocadio Ramos','davi.leocadio.sen@gmail.com','11968561451','50519831896','Rua Ibatiba, 124','vendedor','$2b$10$QypAp3YAOBMdWwz./y2X7.Vgkp9kCDTK/Bf5QThjiYzlGEzgY/Y1W','2008-04-14',200,'ativo'),(103,'Nicoly Carine Martinelli Beja','nicoly.beja@yahoo.com','11944257329','12345678922','Rua das Flores, 78, Apto 502, Primavera Jardim, São Paulo/SP, 04141-410','admin','$2b$10$Cv3AEWtwRxPOCoJjvlDcTOp/rUh9nDpV5u1UCyZPPbgo42kbCmodG','2007-08-05',100,'ativo'),(104,'Júlia Guizzardi Sanches','juliatica@outlook.com','11983601549','47797252855','Rua Escorpião, 1090, Aracnídeos, Santa Animália/SP, 09874-750','gerente','$2b$10$Om3lbBHLRX0TV7wCFz/PV.nkTQyYAzgTfQXbyZkgso44fe1nDg9S.','2007-11-23',204,'ativo'),(105,'Rafaela Andrade Bizuti','rafaela.abizuti@gmail.com','11988821322','26515454554','Rua Perrella, 331, Apto 1203 - Fundação, São Caetano do Sul - SP, 09520-650','gerente','$2b$10$Om3lbBHLRX0TV7wCFz/PV.nkTQyYAzgTfQXbyZkgso44fe1nDg9S.','2008-08-09',205,'ativo'),(106,'Breno de Souza Madureira','breno@gmail.com','11956461645','65464646456','Rua Maurício Jacquey, 308, Bloco 5 Apto 81 - Rudge Ramos, São Bernardo do Campo - SP, 09635-080','vendedor','$2b$10$Om3lbBHLRX0TV7wCFz/PV.nkTQyYAzgTfQXbyZkgso44fe1nDg9S.','2001-08-09',205,'ativo'),(113,'Wesley Daniel Correia','wesleydavpcorreia@gmail.com','11920617140','43996901860','Avenida Gago Coutinho, 200, Apto 417 - Santa Maria, Santo André - SP, 09070-000','vendedor','$2b$10$Bxm4dY.w2bCFwpN0VbzUPu.4Myiwiwu6xYJKj691VFiKGvyR0hSdy','2006-10-03',204,'ativo');
/*!40000 ALTER TABLE `usuarios` ENABLE KEYS */;
UNLOCK TABLES;

--
-- Table structure for table `venda_itens`
--

DROP TABLE IF EXISTS `venda_itens`;
/*!40101 SET @saved_cs_client     = @@character_set_client */;
/*!50503 SET character_set_client = utf8mb4 */;
CREATE TABLE `venda_itens` (
  `id_item` int NOT NULL AUTO_INCREMENT,
  `id_venda` int NOT NULL,
  `id_produto` int NOT NULL,
  `quantidade` int NOT NULL,
  `preco_unitario` decimal(10,2) NOT NULL,
  `subtotal` decimal(10,2) NOT NULL,
  PRIMARY KEY (`id_item`),
  KEY `id_venda` (`id_venda`),
  KEY `id_produto` (`id_produto`),
  CONSTRAINT `venda_itens_ibfk_1` FOREIGN KEY (`id_venda`) REFERENCES `vendas` (`id_venda`),
  CONSTRAINT `venda_itens_ibfk_2` FOREIGN KEY (`id_produto`) REFERENCES `produtos` (`id_produto`)
) ENGINE=InnoDB AUTO_INCREMENT=561 DEFAULT CHARSET=utf8mb4 COLLATE=utf8mb4_general_ci;
/*!40101 SET character_set_client = @saved_cs_client */;

--
-- Dumping data for table `venda_itens`
--

LOCK TABLES `venda_itens` WRITE;
/*!40000 ALTER TABLE `venda_itens` DISABLE KEYS */;
INSERT INTO `venda_itens` VALUES (25,20,1001,1,59.90,59.90),(26,20,3001,2,39.90,79.80),(37,26,2003,1,20.90,20.90),(38,27,3002,1,49.90,49.90),(39,28,2001,1,45.90,45.90),(40,28,1001,1,59.90,59.90),(41,28,2002,1,49.90,49.90),(42,28,2003,1,20.90,20.90),(43,28,2005,1,35.90,35.90),(44,28,2004,1,29.90,29.90),(45,29,1001,1,59.90,59.90),(46,30,2003,1,20.90,20.90),(47,30,2005,1,35.90,35.90),(54,32,1001,2,59.90,119.80),(55,32,2003,2,20.90,41.80),(56,32,3007,1,20.90,20.90),(57,33,3002,1,49.90,49.90),(58,33,4001,1,59.90,59.90),(59,33,6007,1,15.00,15.00),(60,34,2005,1,35.90,35.90),(61,34,3001,1,39.90,39.90),(62,34,6007,1,15.00,15.00),(63,35,1001,3,59.90,179.70),(64,35,2004,1,29.90,29.90),(65,35,6002,1,36.90,36.90),(66,36,2002,2,49.90,99.80),(67,36,3003,1,35.90,35.90),(68,36,5002,1,17.90,17.90),(69,37,3001,3,39.90,119.70),(70,37,4003,1,64.90,64.90),(71,37,6001,2,14.90,29.80),(72,38,1001,1,59.90,59.90),(73,38,2006,1,45.90,45.90),(74,38,3002,1,49.90,49.90),(75,39,3004,2,54.90,109.80),(76,39,5001,1,29.90,29.90),(77,39,6003,2,16.90,33.80),(78,87,5001,1,29.90,29.90),(79,87,4003,2,64.90,129.80),(80,87,4004,1,36.90,36.90),(81,87,4002,2,69.90,139.80),(82,87,5002,1,17.90,17.90),(83,88,5002,1,17.90,17.90),(84,88,4002,1,69.90,69.90),(85,88,5001,1,29.90,29.90),(86,89,5003,1,22.90,22.90),(87,89,5004,1,26.90,26.90),(88,89,6001,1,14.90,14.90),(89,89,6004,1,29.90,29.90),(90,90,6004,1,29.90,29.90),(91,90,7002,1,17.90,17.90),(92,90,7001,1,45.90,45.90),(93,90,8001,1,44.90,44.90),(94,90,6007,1,15.00,15.00),(95,91,5002,1,17.90,17.90),(96,91,5001,1,29.90,29.90),(97,91,5004,1,26.90,26.90),(98,92,3008,1,39.90,39.90),(99,92,3007,1,20.90,20.90),(100,92,4004,1,36.90,36.90),(101,92,4003,1,64.90,64.90),(102,92,5001,1,29.90,29.90),(103,93,8003,1,20.90,20.90),(104,93,7001,1,45.90,45.90),(105,93,7002,1,17.90,17.90),(106,93,6007,1,15.00,15.00),(107,93,8001,1,44.90,44.90),(108,94,1001,1,59.90,59.90),(109,94,2005,1,35.90,35.90),(110,95,2001,1,45.90,45.90),(111,95,2002,1,49.90,49.90),(112,96,2004,1,29.90,29.90),(113,96,2005,1,35.90,35.90),(114,97,2005,1,35.90,35.90),(115,98,2005,1,35.90,35.90),(116,99,2002,1,49.90,49.90),(117,100,2004,1,29.90,29.90),(118,100,2005,1,35.90,35.90),(119,101,3001,1,39.90,39.90),(120,101,3002,1,49.90,49.90),(121,101,2006,1,45.90,45.90),(122,102,4002,1,69.90,69.90),(123,102,3008,1,39.90,39.90),(124,102,3007,1,20.90,20.90),(125,102,4001,1,59.90,59.90),(126,103,3002,1,49.90,49.90),(127,104,4001,1,59.90,59.90),(128,104,4004,1,36.90,36.90),(129,104,4003,1,64.90,64.90),(130,104,5002,4,17.90,71.60),(131,104,4002,1,69.90,69.90),(132,105,2003,1,20.90,20.90),(133,105,2006,1,45.90,45.90),(134,105,2004,1,29.90,29.90),(135,105,1001,1,59.90,59.90),(136,106,2003,1,20.90,20.90),(137,106,2004,1,29.90,29.90),(138,106,2005,1,35.90,35.90),(139,107,2003,1,20.90,20.90),(140,107,2002,1,49.90,49.90),(141,107,1001,1,59.90,59.90),(142,107,2004,1,29.90,29.90),(143,107,2005,1,35.90,35.90),(144,108,3006,1,45.90,45.90),(145,109,2003,1,20.90,20.90),(146,110,1001,1,59.90,59.90),(147,111,2003,1,20.90,20.90),(148,112,6001,1,14.90,14.90),(149,112,6002,1,36.90,36.90),(150,112,6005,2,99.90,199.80),(151,112,5004,1,26.90,26.90),(152,113,2001,1,45.90,45.90),(153,114,2006,1,45.90,45.90),(154,115,2004,1,29.90,29.90),(155,115,2005,1,35.90,35.90),(156,116,3006,1,45.90,45.90),(157,116,3003,2,35.90,71.80),(158,116,3002,1,49.90,49.90),(159,117,2005,1,35.90,35.90),(160,117,3003,1,35.90,35.90),(161,118,3005,1,69.90,69.90),(162,118,3002,1,49.90,49.90),(163,118,3008,1,39.90,39.90),(164,118,3007,1,20.90,20.90),(165,118,4003,2,64.90,129.80),(166,118,4004,4,36.90,147.60),(167,118,5003,1,22.90,22.90),(168,118,3006,1,45.90,45.90),(169,118,3003,1,35.90,35.90),(170,118,5002,1,17.90,17.90),(171,118,6001,4,14.90,59.60),(172,118,7001,7,45.90,321.30),(173,119,2003,1,20.90,20.90),(174,119,3002,1,49.90,49.90),(175,119,2006,1,45.90,45.90),(176,119,2005,1,35.90,35.90),(177,119,3008,1,39.90,39.90),(178,119,3004,1,54.90,54.90),(179,119,3007,1,20.90,20.90),(180,119,4001,1,59.90,59.90),(181,119,3006,1,45.90,45.90),(182,119,5002,10,17.90,179.00),(183,120,6003,10,16.90,169.00),(184,121,3004,8,54.90,439.20),(185,121,3007,10,20.90,209.00),(186,121,3001,6,39.90,239.40),(187,121,2005,1,35.90,35.90),(188,122,3004,1,54.90,54.90),(189,122,3006,1,45.90,45.90),(190,123,5003,1,22.90,22.90),(191,124,6003,1,16.90,16.90),(192,124,4001,1,59.90,59.90),(193,124,6004,1,29.90,29.90),(194,124,3008,1,39.90,39.90),(195,125,2006,1,45.90,45.90),(196,126,2002,1,49.90,49.90),(197,127,3002,1,49.90,49.90),(198,128,4002,1,69.90,69.90),(199,129,5002,1,17.90,17.90),(200,130,6002,1,36.90,36.90),(201,131,2003,1,20.90,20.90),(202,132,3006,1,45.90,45.90),(203,133,8003,1,20.90,20.90),(204,133,8002,1,35.90,35.90),(205,133,8001,1,44.90,44.90),(206,133,7001,1,45.90,45.90),(207,133,7002,1,17.90,17.90),(208,133,6007,1,15.00,15.00),(209,133,6005,1,99.90,99.90),(210,133,6006,1,11.90,11.90),(211,133,6004,1,29.90,29.90),(212,133,6003,1,16.90,16.90),(213,133,6002,1,36.90,36.90),(214,133,6001,1,14.90,14.90),(215,133,5003,1,22.90,22.90),(216,133,5002,2,17.90,35.80),(217,133,5001,1,29.90,29.90),(218,133,4004,1,36.90,36.90),(219,133,4003,1,64.90,64.90),(220,133,4002,1,69.90,69.90),(221,133,3007,1,20.90,20.90),(222,133,3008,1,39.90,39.90),(223,133,4001,1,59.90,59.90),(224,134,2006,1,45.90,45.90),(225,135,6002,1,36.90,36.90),(226,136,5002,1,17.90,17.90),(227,137,2006,1,45.90,45.90),(228,138,1001,1,59.90,59.90),(229,139,2006,1,45.90,45.90),(230,139,3002,1,49.90,49.90),(231,140,3006,1,45.90,45.90),(232,141,4002,1,69.90,69.90),(233,142,4004,1,36.90,36.90),(234,142,4003,1,64.90,64.90),(235,143,3005,1,69.90,69.90),(236,144,2003,10,20.90,209.00),(237,144,2006,1,45.90,45.90),(238,144,2004,1,29.90,29.90),(239,144,2005,1,35.90,35.90),(240,144,1001,1,59.90,59.90),(241,144,2002,1,49.90,49.90),(242,144,3002,1,49.90,49.90),(243,145,2003,1,20.90,20.90),(244,146,4001,1,59.90,59.90),(245,147,5001,10,29.90,299.00),(246,147,5003,10,22.90,229.00),(247,147,5002,1,17.90,17.90),(248,148,4004,1,36.90,36.90),(249,148,5001,2,29.90,59.80),(250,149,3002,1,49.90,49.90),(251,149,3001,1,39.90,39.90),(252,150,6001,1,14.90,14.90),(253,151,8003,1,20.90,20.90),(254,151,8002,1,35.90,35.90),(255,151,7001,1,45.90,45.90),(256,151,8001,1,44.90,44.90),(257,151,6006,1,11.90,11.90),(258,151,6004,1,29.90,29.90),(259,151,6007,1,15.00,15.00),(260,151,6005,1,99.90,99.90),(261,151,6001,1,14.90,14.90),(262,151,7002,1,17.90,17.90),(263,151,5004,1,26.90,26.90),(264,151,5002,1,17.90,17.90),(265,151,5001,1,29.90,29.90),(266,151,6002,10,36.90,369.00),(267,151,5003,1,22.90,22.90),(268,151,4003,1,64.90,64.90),(269,151,4002,1,69.90,69.90),(270,151,4004,1,36.90,36.90),(271,151,4001,1,59.90,59.90),(272,151,3008,1,39.90,39.90),(273,151,3007,1,20.90,20.90),(274,151,3005,1,69.90,69.90),(275,151,3004,1,54.90,54.90),(276,151,3002,1,49.90,49.90),(277,151,3006,1,45.90,45.90),(278,151,3003,1,35.90,35.90),(279,151,2005,1,35.90,35.90),(280,151,2006,1,45.90,45.90),(281,151,2004,1,29.90,29.90),(282,151,1001,1,59.90,59.90),(283,151,2002,5,49.90,249.50),(284,151,2003,4,20.90,83.60),(285,152,1001,1,59.90,59.90),(286,153,2004,10,29.90,299.00),(287,154,4001,10,59.90,599.00),(288,155,4003,1,64.90,64.90),(289,155,4004,1,36.90,36.90),(290,155,4001,1,59.90,59.90),(291,155,4002,1,69.90,69.90),(292,155,5001,10,29.90,299.00),(293,156,2005,10,35.90,359.00),(294,157,2002,1,49.90,49.90),(295,158,2003,1,20.90,20.90),(296,158,3003,1,35.90,35.90),(297,158,2006,1,45.90,45.90),(298,159,3002,1,49.90,49.90),(299,160,8003,3,20.90,62.70),(300,161,4001,1,59.90,59.90),(301,162,1001,1,59.90,59.90),(302,163,6001,1,14.90,14.90),(303,163,3001,2,39.90,79.80),(304,164,7002,2,17.90,35.80),(305,165,3006,1,45.90,45.90),(306,166,4003,1,64.90,64.90),(307,167,6001,1,14.90,14.90),(308,167,6002,1,36.90,36.90),(309,168,4003,1,64.90,64.90),(310,169,6003,1,16.90,16.90),(311,170,2006,1,45.90,45.90),(312,171,4003,1,64.90,64.90),(313,172,2006,1,45.90,45.90),(314,173,1001,1,59.90,59.90),(315,174,1001,1,59.90,59.90),(316,174,2005,2,35.90,71.80),(317,175,1001,1,59.90,59.90),(318,175,2005,2,35.90,71.80),(319,176,2001,2,45.90,91.80),(320,176,1001,1,59.90,59.90),(321,177,4003,1,64.90,64.90),(322,178,1001,1,59.90,59.90),(323,179,2003,1,20.90,20.90),(324,180,1001,1,59.90,59.90),(325,181,1001,1,59.90,59.90),(326,182,2004,1,29.90,29.90),(327,183,5003,1,22.90,22.90),(328,184,2006,1,45.90,45.90),(329,185,1001,1,59.90,59.90),(330,186,2001,1,45.90,45.90),(331,187,3001,1,39.90,39.90),(332,188,5001,1,29.90,29.90),(333,189,6001,1,14.90,14.90),(334,190,7002,2,17.90,35.80),(335,190,8003,1,20.90,20.90),(336,190,8001,2,44.90,89.80),(337,190,8002,1,35.90,35.90),(338,191,3006,1,45.90,45.90),(339,192,3004,1,54.90,54.90),(340,193,3006,1,45.90,45.90),(341,194,6001,1,14.90,14.90),(342,194,6007,1,15.00,15.00),(343,194,8001,1,44.90,44.90),(344,194,7002,1,17.90,17.90),(345,194,6002,4,36.90,147.60),(346,195,6001,1,14.90,14.90),(347,196,5001,2,29.90,59.80),(348,197,5001,2,29.90,59.80),(349,198,6001,1,14.90,14.90),(350,199,6003,1,16.90,16.90),(351,200,2006,1,45.90,45.90),(352,200,3002,1,49.90,49.90),(353,201,5004,1,26.90,26.90),(354,202,4004,1,36.90,36.90),(355,203,5003,1,22.90,22.90),(356,204,5002,1,17.90,17.90),(357,205,6003,2,16.90,33.80),(358,206,6004,4,29.90,119.60),(359,206,8002,1,35.90,35.90),(360,206,8001,2,44.90,89.80),(361,207,3002,1,49.90,49.90),(362,207,3003,1,35.90,35.90),(363,208,7002,1,17.90,17.90),(364,209,4001,1,59.90,59.90),(365,209,4004,1,36.90,36.90),(366,210,6002,1,36.90,36.90),(367,210,6001,1,14.90,14.90),(368,211,7001,2,45.90,91.80),(369,212,3006,1,45.90,45.90),(370,213,6002,1,36.90,36.90),(371,214,6001,2,14.90,29.80),(372,215,3005,1,69.90,69.90),(373,216,6004,2,29.90,59.80),(374,216,5004,1,26.90,26.90),(375,217,7001,1,45.90,45.90),(376,217,3003,1,35.90,35.90),(377,217,3005,1,69.90,69.90),(378,218,6002,1,36.90,36.90),(379,218,6007,1,15.00,15.00),(380,218,6001,1,14.90,14.90),(381,218,7001,1,45.90,45.90),(382,218,8003,4,20.90,83.60),(383,218,7002,1,17.90,17.90),(384,219,2003,1,20.90,20.90),(385,219,2006,1,45.90,45.90),(386,220,5003,2,22.90,45.80),(387,220,1001,1,59.90,59.90),(388,221,3006,1,45.90,45.90),(389,222,4004,2,36.90,73.80),(390,223,2002,1,49.90,49.90),(391,223,2003,1,20.90,20.90),(392,223,2006,1,45.90,45.90),(393,223,3002,1,49.90,49.90),(394,223,3001,1,39.90,39.90),(395,224,3005,1,69.90,69.90),(396,225,5001,2,29.90,59.80),(397,226,2003,1,20.90,20.90),(398,227,5003,1,22.90,22.90),(399,228,6005,1,99.90,99.90),(400,229,6004,1,29.90,29.90),(401,229,6003,2,16.90,33.80),(402,229,6005,2,99.90,199.80),(403,229,5004,4,26.90,107.60),(404,229,8002,4,35.90,143.60),(405,230,2003,2,20.90,41.80),(406,231,3008,1,39.90,39.90),(407,232,8002,1,35.90,35.90),(408,233,2002,1,49.90,49.90),(409,233,3007,1,20.90,20.90),(410,234,3007,1,20.90,20.90),(411,234,3008,1,39.90,39.90),(412,235,8003,2,20.90,41.80),(413,236,3006,1,45.90,45.90),(414,237,8003,1,20.90,20.90),(415,237,8002,1,35.90,35.90),(416,238,6002,1,36.90,36.90),(417,238,6001,1,14.90,14.90),(418,239,5003,1,22.90,22.90),(419,239,3001,1,39.90,39.90),(420,239,6001,1,14.90,14.90),(421,239,8002,3,35.90,107.70),(422,240,1001,4,59.90,239.60),(423,241,3008,4,39.90,159.60),(424,242,3001,1,39.90,39.90),(425,242,5003,1,22.90,22.90),(426,242,8002,3,35.90,107.70),(427,242,6001,1,14.90,14.90),(428,243,8003,1,20.90,20.90),(429,244,7002,3,17.90,53.70),(430,245,5003,1,22.90,22.90),(431,246,4002,2,69.90,139.80),(432,246,4004,3,36.90,110.70),(433,246,6004,3,29.90,89.70),(434,246,4003,3,64.90,194.70),(435,246,8003,4,20.90,83.60),(436,246,7001,6,45.90,275.40),(437,246,6006,1,11.90,11.90),(438,246,6002,1,36.90,36.90),(439,246,6001,5,14.90,74.50),(440,247,3003,1,35.90,35.90),(441,247,3002,1,49.90,49.90),(442,247,2006,1,45.90,45.90),(443,248,1001,4,59.90,239.60),(444,248,2004,2,29.90,59.80),(445,248,3002,1,49.90,49.90),(446,249,8002,1,35.90,35.90),(447,249,6007,1,15.00,15.00),(448,249,8001,1,44.90,44.90),(449,249,7001,1,45.90,45.90),(450,250,4002,1,69.90,69.90),(451,251,1001,1,59.90,59.90),(452,252,6002,1,36.90,36.90),(453,252,5003,1,22.90,22.90),(454,252,5001,1,29.90,29.90),(455,253,3008,2,39.90,79.80),(456,254,3002,1,49.90,49.90),(457,255,3004,1,54.90,54.90),(458,255,7002,1,17.90,17.90),(459,255,6001,1,14.90,14.90),(460,255,6002,3,36.90,110.70),(461,256,7001,1,45.90,45.90),(462,257,5004,1,26.90,26.90),(463,258,2006,1,45.90,45.90),(464,259,8002,1,35.90,35.90),(465,259,8001,1,44.90,44.90),(466,259,8003,1,20.90,20.90),(467,260,7001,1,45.90,45.90),(468,261,6003,10,16.90,169.00),(469,262,6005,1,99.90,99.90),(470,263,6006,1,11.90,11.90),(471,263,5001,3,29.90,89.70),(472,264,6005,3,99.90,299.70),(473,265,3004,1,54.90,54.90),(474,266,5003,1,22.90,22.90),(475,267,2006,1,45.90,45.90),(476,267,4001,1,59.90,59.90),(477,268,6004,1,29.90,29.90),(478,268,2004,1,29.90,29.90),(479,269,6005,1,99.90,99.90),(480,270,2005,1,35.90,35.90),(481,270,4004,1,36.90,36.90),(482,271,2005,1,35.90,35.90),(483,271,4004,1,36.90,36.90),(484,272,3001,3,39.90,119.70),(485,273,7002,1,17.90,17.90),(486,273,3004,2,54.90,109.80),(487,274,1001,1,59.90,59.90),(488,275,6004,1,29.90,29.90),(489,275,6004,2,29.90,59.80),(490,276,6007,1,15.00,15.00),(491,277,2003,1,20.90,20.90),(492,277,4001,2,59.90,119.80),(493,278,6007,1,15.00,15.00),(494,279,8001,1,44.90,44.90),(495,279,8002,1,35.90,35.90),(496,279,6007,1,15.00,15.00),(497,279,7001,1,45.90,45.90),(498,280,1001,1,59.90,59.90),(499,280,3005,1,69.90,69.90),(500,281,2004,1,29.90,29.90),(501,282,4004,1,36.90,36.90),(502,282,4003,1,64.90,64.90),(503,283,3003,1,35.90,35.90),(504,284,3001,1,39.90,39.90),(505,284,3005,1,69.90,69.90),(506,285,5001,1,29.90,29.90),(507,285,5004,3,26.90,80.70),(508,286,7001,3,45.90,137.70),(509,287,5001,1,29.90,29.90),(510,287,8002,1,35.90,35.90),(511,287,6001,1,14.90,14.90),(512,288,7002,1,17.90,17.90),(513,289,3004,1,54.90,54.90),(514,289,3005,1,69.90,69.90),(515,289,8001,2,44.90,89.80),(516,289,6002,1,36.90,36.90),(517,290,8003,2,20.90,41.80),(518,291,8003,2,20.90,41.80),(519,292,6002,1,36.90,36.90),(520,292,5001,1,29.90,29.90),(521,292,6002,1,36.90,36.90),(522,293,2002,1,49.90,49.90),(523,293,2006,1,45.90,45.90),(524,294,5003,1,22.90,22.90),(525,294,8002,2,35.90,71.80),(526,295,3003,1,35.90,35.90),(527,295,3002,1,49.90,49.90),(528,296,2006,1,45.90,45.90),(529,297,3003,1,35.90,35.90),(530,298,3005,1,69.90,69.90),(531,299,4002,1,69.90,69.90),(532,300,6003,1,16.90,16.90),(533,300,5003,3,22.90,68.70),(534,301,3001,1,39.90,39.90),(535,301,3003,1,35.90,35.90),(536,301,3007,3,20.90,62.70),(537,301,6006,1,11.90,11.90),(538,302,5003,4,22.90,91.60),(539,302,4004,3,36.90,110.70),(540,302,4003,3,64.90,194.70),(541,303,8002,1,35.90,35.90),(542,303,3002,1,49.90,49.90),(543,303,2003,1,20.90,20.90),(544,304,6002,1,36.90,36.90),(545,304,3002,2,49.90,99.80),(546,305,2006,1,45.90,45.90),(547,305,5003,1,22.90,22.90),(548,305,5001,5,29.90,149.50),(549,305,6004,5,29.90,149.50),(550,305,6005,7,99.90,699.30),(551,306,4002,1,69.90,69.90),(552,306,4003,1,64.90,64.90),(553,307,3005,1,69.90,69.90),(554,308,3002,2,49.90,99.80),(555,309,5002,2,17.90,35.80),(556,309,6004,2,29.90,59.80),(557,310,5002,1,17.90,17.90),(558,311,6007,2,15.00,30.00),(559,311,5002,3,17.90,53.70),(560,311,3006,1,45.90,45.90);
/*!40000 ALTER TABLE `venda_itens` ENABLE KEYS */;
UNLOCK TABLES;

--
-- Table structure for table `vendas`
--

DROP TABLE IF EXISTS `vendas`;
/*!40101 SET @saved_cs_client     = @@character_set_client */;
/*!50503 SET character_set_client = utf8mb4 */;
CREATE TABLE `vendas` (
  `id_venda` int NOT NULL AUTO_INCREMENT,
  `id_usuario` int NOT NULL,
  `id_caixa` int DEFAULT NULL,
  `id_empresa` int NOT NULL,
  `data_venda` datetime DEFAULT CURRENT_TIMESTAMP,
  `tipo_pagamento` enum('dinheiro','cartão','pix') COLLATE utf8mb4_general_ci NOT NULL,
  `total` decimal(10,2) NOT NULL,
  PRIMARY KEY (`id_venda`),
  KEY `id_usuario` (`id_usuario`),
  KEY `id_empresa` (`id_empresa`),
  KEY `fk_vendas_caixa` (`id_caixa`),
  CONSTRAINT `fk_vendas_caixa` FOREIGN KEY (`id_caixa`) REFERENCES `caixa` (`id_caixa`),
  CONSTRAINT `vendas_ibfk_1` FOREIGN KEY (`id_usuario`) REFERENCES `usuarios` (`id_usuario`),
  CONSTRAINT `vendas_ibfk_2` FOREIGN KEY (`id_empresa`) REFERENCES `empresas` (`id_empresa`)
) ENGINE=InnoDB AUTO_INCREMENT=312 DEFAULT CHARSET=utf8mb4 COLLATE=utf8mb4_general_ci;
/*!40101 SET character_set_client = @saved_cs_client */;

--
-- Dumping data for table `vendas`
--

LOCK TABLES `vendas` WRITE;
/*!40000 ALTER TABLE `vendas` DISABLE KEYS */;
INSERT INTO `vendas` VALUES (20,100,3,200,'2025-10-24 14:59:25','pix',139.70),(26,101,6,200,'2025-11-22 22:58:55','pix',20.90),(27,101,6,200,'2025-11-24 11:24:14','pix',49.90),(28,101,6,200,'2025-11-24 11:54:19','pix',242.40),(29,101,6,200,'2025-11-24 12:08:44','pix',59.90),(30,101,6,200,'2025-11-24 12:14:29','pix',56.80),(32,101,6,200,'2025-11-01 09:15:00','pix',189.60),(33,101,6,200,'2025-11-01 10:30:00','cartão',125.70),(34,101,6,200,'2025-11-01 14:20:00','dinheiro',89.80),(35,101,6,200,'2025-11-02 09:45:00','pix',234.50),(36,101,6,200,'2025-11-02 11:00:00','pix',156.80),(37,101,6,200,'2025-11-02 15:30:00','cartão',298.60),(38,101,6,200,'2025-11-03 10:10:00','dinheiro',167.40),(39,101,6,200,'2025-11-03 13:25:00','pix',203.70),(87,101,7,200,'2025-11-29 18:19:56','pix',354.30),(88,101,7,200,'2025-12-02 12:03:04','dinheiro',117.70),(89,101,7,200,'2025-12-02 12:03:26','cartão',94.60),(90,101,7,200,'2025-12-02 12:03:45','pix',153.60),(91,101,7,200,'2025-12-04 16:42:39','cartão',74.70),(92,101,7,200,'2025-12-04 16:49:02','pix',192.50),(93,101,7,200,'2025-12-04 16:49:49','cartão',144.60),(94,101,7,200,'2025-12-04 16:56:13','pix',95.80),(95,101,10,200,'2025-12-04 19:22:26','pix',95.80),(96,101,10,200,'2025-12-04 19:36:20','pix',65.80),(97,101,10,200,'2025-12-04 19:38:28','cartão',35.90),(98,101,10,200,'2025-12-04 19:41:42','cartão',35.90),(99,101,10,200,'2025-12-04 19:43:35','pix',49.90),(100,101,10,200,'2025-12-04 19:46:16','cartão',65.80),(101,101,21,200,'2025-12-05 09:26:42','pix',135.70),(102,101,21,200,'2025-12-05 09:27:21','cartão',190.60),(103,101,21,200,'2025-12-05 09:30:08','pix',49.90),(104,101,21,200,'2025-12-05 09:31:02','dinheiro',303.20),(105,101,22,200,'2025-12-05 10:20:35','pix',156.60),(106,101,25,200,'2025-12-05 15:09:57','pix',86.70),(107,101,27,200,'2025-12-06 16:58:09','pix',196.50),(108,101,28,200,'2025-12-06 17:03:14','dinheiro',45.90),(109,106,31,205,'2025-12-10 20:34:59','dinheiro',20.90),(110,106,31,205,'2025-12-10 20:35:20','pix',59.90),(111,106,31,205,'2025-12-10 20:35:28','pix',20.90),(112,101,32,200,'2025-11-25 20:37:26','pix',278.50),(113,106,31,205,'2025-12-10 20:37:35','dinheiro',45.90),(114,106,31,205,'2025-12-10 20:37:56','cartão',45.90),(115,101,32,200,'2025-11-25 20:40:11','dinheiro',65.80),(116,101,32,200,'2025-11-25 20:44:40','cartão',167.60),(117,101,32,200,'2025-11-25 20:44:59','cartão',71.80),(118,101,32,200,'2025-11-25 20:45:36','dinheiro',961.50),(119,113,26,200,'2025-12-08 20:45:45','dinheiro',553.10),(120,113,26,200,'2025-12-08 20:46:54','cartão',169.00),(121,113,26,200,'2025-12-08 20:48:08','cartão',923.50),(122,101,33,200,'2025-11-26 20:48:16','dinheiro',100.80),(123,113,26,200,'2025-12-08 20:48:46','cartão',22.90),(124,101,33,200,'2025-11-26 20:48:49','cartão',146.60),(125,106,34,205,'2025-12-09 20:49:17','cartão',45.90),(126,106,34,205,'2025-12-09 20:49:20','cartão',49.90),(127,106,34,205,'2025-12-09 20:49:23','cartão',49.90),(128,106,34,205,'2025-12-09 20:49:27','cartão',69.90),(129,106,34,205,'2025-12-09 20:49:33','cartão',17.90),(130,106,34,205,'2025-12-09 20:49:38','cartão',36.90),(131,101,33,200,'2025-11-26 20:49:44','cartão',20.90),(132,101,33,200,'2025-11-26 20:49:58','pix',45.90),(133,113,26,200,'2025-12-08 20:50:06','pix',771.90),(134,101,33,200,'2025-11-26 20:50:14','pix',45.90),(135,106,35,205,'2025-12-08 20:52:16','pix',36.90),(136,106,35,205,'2025-12-08 20:52:20','pix',17.90),(137,106,35,205,'2025-12-08 20:52:25','pix',45.90),(138,106,35,205,'2025-12-08 20:52:32','pix',59.90),(139,101,36,200,'2025-11-27 20:52:52','cartão',95.80),(140,101,36,200,'2025-11-27 20:53:21','cartão',45.90),(141,101,36,200,'2025-11-27 20:53:39','dinheiro',69.90),(142,101,36,200,'2025-11-27 20:54:01','pix',101.80),(143,101,36,200,'2025-11-27 20:54:31','pix',69.90),(144,113,37,204,'2025-12-08 20:58:34','pix',480.40),(145,101,38,200,'2025-11-28 20:58:37','cartão',20.90),(146,101,38,200,'2025-11-28 20:58:52','cartão',59.90),(147,113,37,204,'2025-12-08 20:59:08','pix',545.90),(148,101,38,200,'2025-11-28 20:59:16','dinheiro',96.70),(149,101,38,200,'2025-11-28 20:59:33','cartão',89.80),(150,101,38,200,'2025-11-28 21:00:06','pix',14.90),(151,113,37,204,'2025-12-08 21:00:10','cartão',1857.30),(152,113,37,204,'2025-12-08 21:00:41','dinheiro',59.90),(153,113,37,204,'2025-12-08 21:01:23','dinheiro',299.00),(154,113,37,204,'2025-12-08 21:01:51','pix',599.00),(155,113,37,204,'2025-12-08 21:02:29','cartão',530.60),(156,113,37,204,'2025-12-08 21:02:49','pix',359.00),(157,101,39,200,'2025-11-29 21:03:22','dinheiro',49.90),(158,101,39,200,'2025-11-29 21:03:40','pix',102.70),(159,101,39,200,'2025-11-29 21:03:56','pix',49.90),(160,101,39,200,'2025-11-29 21:04:16','pix',62.70),(161,101,39,200,'2025-11-29 21:04:46','dinheiro',59.90),(162,106,40,205,'2025-12-07 21:08:54','pix',59.90),(163,106,40,205,'2025-12-07 21:09:15','pix',94.70),(164,106,40,205,'2025-12-07 21:09:26','pix',35.80),(165,106,40,205,'2025-12-07 21:09:40','cartão',45.90),(166,101,41,200,'2025-11-30 21:10:03','pix',64.90),(167,101,41,200,'2025-11-30 21:10:20','cartão',51.80),(168,101,41,200,'2025-11-30 21:10:42','dinheiro',64.90),(169,101,41,200,'2025-11-30 21:10:56','pix',16.90),(170,106,40,205,'2025-12-07 21:11:02','cartão',45.90),(171,101,41,200,'2025-11-30 21:11:15','cartão',64.90),(172,106,42,205,'2025-12-06 21:14:08','cartão',45.90),(173,113,43,204,'2025-12-07 21:14:28','dinheiro',59.90),(174,106,42,205,'2025-12-06 21:14:37','cartão',131.70),(175,106,42,205,'2025-12-06 21:14:43','pix',131.70),(176,106,42,205,'2025-12-06 21:17:03','dinheiro',151.70),(177,101,44,200,'2025-12-01 21:17:06','pix',64.90),(178,106,42,205,'2025-12-06 21:17:17','dinheiro',59.90),(179,101,44,200,'2025-12-01 21:17:19','pix',20.90),(180,106,42,205,'2025-12-06 21:17:26','dinheiro',59.90),(181,106,42,205,'2025-12-06 21:17:31','dinheiro',59.90),(182,101,44,200,'2025-12-01 21:17:33','pix',29.90),(183,101,44,200,'2025-12-01 21:17:47','pix',22.90),(184,101,44,200,'2025-12-01 21:18:26','pix',45.90),(185,106,45,205,'2025-12-05 21:19:26','dinheiro',59.90),(186,106,45,205,'2025-12-05 21:19:30','dinheiro',45.90),(187,106,45,205,'2025-12-05 21:19:46','pix',39.90),(188,106,45,205,'2025-12-05 21:19:49','pix',29.90),(189,106,45,205,'2025-12-05 21:19:53','pix',14.90),(190,101,46,200,'2025-12-02 21:20:25','cartão',182.40),(191,101,46,200,'2025-12-02 21:21:22','pix',45.90),(192,101,46,200,'2025-12-02 21:21:36','pix',54.90),(193,101,46,200,'2025-12-02 21:21:55','dinheiro',45.90),(194,101,46,200,'2025-12-02 21:22:17','pix',240.30),(195,106,47,205,'2025-12-04 21:22:19','pix',14.90),(196,106,47,205,'2025-12-04 21:22:29','pix',59.80),(197,106,47,205,'2025-12-04 21:22:34','cartão',59.80),(198,106,47,205,'2025-12-04 21:22:40','cartão',14.90),(199,106,47,205,'2025-12-04 21:22:48','pix',16.90),(200,101,48,200,'2025-12-03 21:26:06','pix',95.80),(201,101,48,200,'2025-12-03 21:26:23','pix',26.90),(202,101,48,200,'2025-12-03 21:26:38','pix',36.90),(203,101,48,200,'2025-12-03 21:26:51','pix',22.90),(204,113,50,204,'2025-12-06 21:28:11','pix',17.90),(205,113,51,204,'2025-12-05 21:29:40','dinheiro',33.80),(206,101,52,200,'2025-12-04 21:30:38','pix',245.30),(207,101,52,200,'2025-12-04 21:31:01','pix',85.80),(208,113,53,204,'2025-11-25 21:31:12','cartão',17.90),(209,101,52,200,'2025-12-04 21:31:18','cartão',96.80),(210,101,52,200,'2025-12-04 21:31:35','dinheiro',51.80),(211,113,53,204,'2025-11-25 21:31:48','pix',91.80),(212,101,52,200,'2025-12-04 21:31:52','cartão',45.90),(213,113,53,204,'2025-11-25 21:32:29','pix',36.90),(214,101,54,200,'2025-12-05 21:34:06','dinheiro',29.80),(215,101,54,200,'2025-12-05 21:34:24','cartão',69.90),(216,106,49,205,'2025-12-03 21:34:26','pix',86.70),(217,106,49,205,'2025-12-03 21:34:40','pix',151.70),(218,101,54,200,'2025-12-05 21:34:45','cartão',214.20),(219,101,54,200,'2025-12-05 21:34:58','pix',66.80),(220,106,49,205,'2025-12-03 21:35:43','pix',105.70),(221,106,49,205,'2025-12-03 21:36:08','pix',45.90),(222,106,49,205,'2025-12-03 21:36:28','pix',73.80),(223,101,55,200,'2025-12-06 21:36:31','dinheiro',206.50),(224,101,55,200,'2025-12-06 21:36:45','pix',69.90),(225,113,53,204,'2025-11-25 21:37:00','dinheiro',59.80),(226,101,55,200,'2025-12-06 21:37:01','cartão',20.90),(227,101,55,200,'2025-12-06 21:37:18','cartão',22.90),(228,113,53,204,'2025-11-25 21:37:38','cartão',99.90),(229,101,55,200,'2025-12-06 21:37:45','cartão',514.70),(230,113,56,204,'2025-12-03 21:39:41','pix',41.80),(231,113,57,204,'2025-12-02 21:40:28','dinheiro',39.90),(232,113,58,204,'2025-12-01 21:41:25','cartão',35.90),(233,106,59,205,'2025-12-02 21:41:37','pix',70.80),(234,101,60,200,'2025-12-07 21:41:38','pix',60.80),(235,106,59,205,'2025-12-02 21:41:52','pix',41.80),(236,101,60,200,'2025-12-07 21:41:54','pix',45.90),(237,113,61,204,'2025-11-30 21:42:05','pix',56.80),(238,101,60,200,'2025-12-07 21:42:13','dinheiro',51.80),(239,106,59,205,'2025-12-02 21:42:13','pix',185.40),(240,101,60,200,'2025-12-07 21:42:28','pix',239.60),(241,101,60,200,'2025-12-07 21:43:02','cartão',159.60),(242,106,59,205,'2025-12-02 21:43:28','pix',185.40),(243,106,59,205,'2025-12-02 21:43:47','pix',20.90),(244,106,59,205,'2025-12-02 21:43:55','cartão',53.70),(245,113,63,204,'2025-11-26 21:45:19','cartão',22.90),(246,101,62,200,'2025-12-08 21:45:28','dinheiro',1017.20),(247,101,62,200,'2025-12-08 21:45:48','pix',131.70),(248,101,62,200,'2025-12-08 21:46:07','pix',349.30),(249,101,62,200,'2025-12-08 21:46:25','cartão',141.70),(250,113,64,204,'2025-11-27 21:46:28','dinheiro',69.90),(251,106,65,205,'2025-12-01 21:46:37','pix',59.90),(252,101,62,200,'2025-12-08 21:46:42','pix',89.70),(253,106,65,205,'2025-12-01 21:46:46','pix',79.80),(254,106,65,205,'2025-12-01 21:47:01','pix',49.90),(255,106,65,205,'2025-12-01 21:47:12','cartão',198.40),(256,106,65,205,'2025-12-01 21:47:20','pix',45.90),(257,113,64,204,'2025-11-27 21:47:44','dinheiro',26.90),(258,113,66,204,'2025-11-28 21:48:07','pix',45.90),(259,113,68,204,'2025-11-29 21:49:05','cartão',101.70),(260,106,67,205,'2025-11-30 21:49:35','pix',45.90),(261,113,68,204,'2025-11-29 21:49:40','dinheiro',169.00),(262,106,67,205,'2025-11-30 21:49:48','cartão',99.90),(263,106,67,205,'2025-11-30 21:49:56','cartão',101.60),(264,106,67,205,'2025-11-30 21:50:04','pix',299.70),(265,106,67,205,'2025-11-30 21:50:11','pix',54.90),(266,106,67,205,'2025-11-30 21:50:21','cartão',22.90),(267,106,69,205,'2025-11-29 21:51:51','cartão',105.80),(268,106,69,205,'2025-11-29 21:52:02','dinheiro',59.80),(269,106,69,205,'2025-11-29 21:52:08','dinheiro',99.90),(270,106,69,205,'2025-11-29 21:52:17','cartão',72.80),(271,106,69,205,'2025-11-29 21:52:27','cartão',72.80),(272,106,69,205,'2025-11-29 21:52:35','pix',119.70),(273,106,70,205,'2025-11-28 21:55:24','dinheiro',127.70),(274,106,70,205,'2025-11-28 21:55:32','pix',59.90),(275,106,70,205,'2025-11-28 21:55:40','pix',89.70),(276,106,70,205,'2025-11-28 21:55:47','pix',15.00),(277,106,70,205,'2025-11-28 21:55:53','pix',140.70),(278,106,70,205,'2025-11-28 21:56:04','pix',15.00),(279,101,62,200,'2025-12-08 21:57:38','pix',141.70),(280,101,62,200,'2025-12-08 21:58:02','cartão',129.80),(281,113,72,204,'2025-12-09 21:58:04','pix',29.90),(282,101,62,200,'2025-12-08 21:58:18','pix',101.80),(283,101,62,200,'2025-12-08 21:58:32','pix',35.90),(284,113,72,204,'2025-12-09 21:58:42','dinheiro',109.80),(285,101,62,200,'2025-12-08 21:58:51','dinheiro',110.60),(286,113,74,204,'2025-12-10 21:59:32','pix',137.70),(287,106,73,205,'2025-11-27 21:59:40','cartão',80.70),(288,106,73,205,'2025-11-27 21:59:53','pix',17.90),(289,106,73,205,'2025-11-27 22:00:06','dinheiro',251.50),(290,106,73,205,'2025-11-27 22:00:15','dinheiro',41.80),(291,106,73,205,'2025-11-27 22:00:23','dinheiro',41.80),(292,106,73,205,'2025-11-27 22:00:36','pix',103.70),(293,101,75,200,'2025-12-09 22:00:50','pix',95.80),(294,106,73,205,'2025-11-27 22:00:50','cartão',94.70),(295,101,75,200,'2025-12-09 22:01:06','cartão',85.80),(296,101,77,200,'2025-12-10 22:02:28','pix',45.90),(297,106,76,205,'2025-11-26 22:02:40','pix',35.90),(298,101,77,200,'2025-12-10 22:02:44','pix',69.90),(299,106,76,205,'2025-11-26 22:02:49','pix',69.90),(300,106,76,205,'2025-11-26 22:02:56','pix',85.60),(301,106,76,205,'2025-11-26 22:03:05','dinheiro',150.40),(302,101,77,200,'2025-12-10 22:03:06','cartão',397.00),(303,106,76,205,'2025-11-26 22:03:12','pix',106.70),(304,106,76,205,'2025-11-26 22:03:27','pix',136.70),(305,101,77,200,'2025-12-10 22:03:32','dinheiro',1067.10),(306,101,77,200,'2025-12-10 22:03:49','cartão',134.80),(307,106,78,205,'2025-11-25 22:04:45','pix',69.90),(308,106,78,205,'2025-11-25 22:04:52','cartão',99.80),(309,106,78,205,'2025-11-25 22:05:00','pix',95.60),(310,106,78,205,'2025-11-25 22:05:10','dinheiro',17.90),(311,106,78,205,'2025-11-25 22:05:26','cartão',129.60);
/*!40000 ALTER TABLE `vendas` ENABLE KEYS */;
UNLOCK TABLES;

--
-- Dumping events for database 'tikitos'
--

--
-- Dumping routines for database 'tikitos'
--
/*!40103 SET TIME_ZONE=@OLD_TIME_ZONE */;

/*!40101 SET SQL_MODE=@OLD_SQL_MODE */;
/*!40014 SET FOREIGN_KEY_CHECKS=@OLD_FOREIGN_KEY_CHECKS */;
/*!40014 SET UNIQUE_CHECKS=@OLD_UNIQUE_CHECKS */;
/*!40101 SET CHARACTER_SET_CLIENT=@OLD_CHARACTER_SET_CLIENT */;
/*!40101 SET CHARACTER_SET_RESULTS=@OLD_CHARACTER_SET_RESULTS */;
/*!40101 SET COLLATION_CONNECTION=@OLD_COLLATION_CONNECTION */;
/*!40111 SET SQL_NOTES=@OLD_SQL_NOTES */;

-- Dump completed on 2025-12-08 22:37:53
